-- MySQL dump 10.13  Distrib 5.7.16, for Linux (x86_64)
--
-- Host: localhost    Database: skip
-- ------------------------------------------------------
-- Server version	5.7.16-0ubuntu0.16.04.1

/*!40101 SET @OLD_CHARACTER_SET_CLIENT=@@CHARACTER_SET_CLIENT */;
/*!40101 SET @OLD_CHARACTER_SET_RESULTS=@@CHARACTER_SET_RESULTS */;
/*!40101 SET @OLD_COLLATION_CONNECTION=@@COLLATION_CONNECTION */;
/*!40101 SET NAMES utf8 */;
/*!40103 SET @OLD_TIME_ZONE=@@TIME_ZONE */;
/*!40103 SET TIME_ZONE='+00:00' */;
/*!40014 SET @OLD_UNIQUE_CHECKS=@@UNIQUE_CHECKS, UNIQUE_CHECKS=0 */;
/*!40014 SET @OLD_FOREIGN_KEY_CHECKS=@@FOREIGN_KEY_CHECKS, FOREIGN_KEY_CHECKS=0 */;
/*!40101 SET @OLD_SQL_MODE=@@SQL_MODE, SQL_MODE='NO_AUTO_VALUE_ON_ZERO' */;
/*!40111 SET @OLD_SQL_NOTES=@@SQL_NOTES, SQL_NOTES=0 */;

--
-- Table structure for table `company`
--

DROP TABLE IF EXISTS `company`;
/*!40101 SET @saved_cs_client     = @@character_set_client */;
/*!40101 SET character_set_client = utf8 */;
CREATE TABLE `company` (
  `id` int(11) NOT NULL AUTO_INCREMENT,
  `name` varchar(255) COLLATE utf8_unicode_ci NOT NULL,
  `address` varchar(255) COLLATE utf8_unicode_ci NOT NULL,
  `city` varchar(255) COLLATE utf8_unicode_ci NOT NULL,
  `state` varchar(255) COLLATE utf8_unicode_ci NOT NULL,
  `zip` varchar(255) COLLATE utf8_unicode_ci NOT NULL,
  `phone` varchar(255) COLLATE utf8_unicode_ci NOT NULL,
  `contact` varchar(255) COLLATE utf8_unicode_ci NOT NULL,
  `email` varchar(255) COLLATE utf8_unicode_ci NOT NULL,
  `latitude` double NOT NULL,
  `longitude` double NOT NULL,
  `printId` varchar(255) COLLATE utf8_unicode_ci NOT NULL,
  PRIMARY KEY (`id`)
) ENGINE=InnoDB AUTO_INCREMENT=127 DEFAULT CHARSET=utf8 COLLATE=utf8_unicode_ci;
/*!40101 SET character_set_client = @saved_cs_client */;

--
-- Dumping data for table `company`
--

LOCK TABLES `company` WRITE;
/*!40000 ALTER TABLE `company` DISABLE KEYS */;
INSERT INTO `company` VALUES (1,'Cotijas Taco Shop','9121 Mission Gorge Road','Santee','CA','92071','(619) 562-0940','Emanual','none',32.8384132,-117.0000313,''),(2,'Trujillo\'s Taco Shop','5119 College Ave, San Diego, CA 92115','San Diego','CA','91115','(619) 583-4182','Junior','Trujillostacoshop@yahoo.com',32.7712019,-117.0695631,''),(3,'Flame Broiler PB','1088 Garnet Ave','San Diego','CA','92109','858-274-4704','Alex','Flamebroilerpb@gmail.com',32.798066,-117.2503475,''),(4,'El Paisa Mexican Grill','980 Grand Ave','San Diego','CA','92109','858-412-4256','Ramiro Ojeda','Elpaisamexgrill@gmail.com',32.795746,-117.2517018,''),(5,'La Casita\'s Grill & Seafood','1503 Magnolia Ave # A','El Cajon','California','92020','(619) 444-8228','n/a','n/a',32.8184201,-116.9620294,''),(6,'Rico\'s Taco Shop','165 S El Camino','Encinitas','CA','92024','7609447689','N/A','N/A',33.0439472,-117.2588939,''),(7,'Estrada\'s Mexican Food','9292 Carlton Hills Blvd','Santee','California','92071','(619) 449-2103','n/a','n/a',32.8451255,-116.9987078,''),(8,'Taco Surf PB','4657 Mission Blvd','San Diego','CA','92109','858-272-3877','N/A','N/A',32.7988885,-117.2559985,''),(9,'Cotixan Mexican Food','4370 Genesee Ave,','San Diego','California','92117','(858) 571-8843','n/a','n/a',32.8229619,-117.1844079,''),(10,'El Portal Fresh Mexican Food','4101 Gennesee Avenue','San Diego','CA','92111','858-571-7771','N/A','N/A',32.8175549,-117.1806344,''),(11,'Loco Burrito Moreno Valley','24170 Sunnymead Boulevard','Moreno Valley','CA','92553','951-247-7623','N/A','N/A',33.9392878,-117.2410527,''),(12,'Windmill Farms','6386 Del Cerro Blvd','San Diego','CA','92120','619-287-1400','N/A','N/A',32.7838672,-117.0596606,''),(13,'Ballast Point Brewery Little Italy','2215 India Street','San Diego','CA','92101','619-255-7213','Amy','Littleitaly@ballastpoint.com',32.7276691,-117.1696954,''),(14,'Niban Japanese Restaurant','7081 Clairemont Mesa Blvd #101','San Diego','CA','92111','858-268-0465','N/A','N/A',32.8326084,-117.1654151,''),(15,'Emma\'s Mexican Food','8781 Cuyamaca St #L','Santee','CA','92071','6195968189','N/A','N/A',32.8353461,-116.9831361,''),(16,'Roberto\'s Taco Shop Hillcrest','420 Robinson Ave','San Diego','CA','92103','(619) 693-5040','N/A','N/A',32.7472212,-117.1612562,''),(17,'Long Island Mike\'s Pizza','5250 Murphy Canyon Road','San Diego','CA','92123','(858) 569-7499','N/A','N/A',32.8322612,-117.1212231,''),(18,'Oscar\'s Mexican Seafood','927 J St','San Diego','CA','92101','(619) 564-6007','NA','NA',32.7092387,-117.1559837,''),(19,'Emma\'s Mexican Food','8781 Cuyamaca St #L','Santee','CA','92071','619-596-8189','Na','Na',32.8353461,-116.9831361,''),(20,'Emma\'s Mexican Food','8781 Cuyamaca St #L','Santee','CA','92071','619-596-8189','Na','Na',32.8353461,-116.9831361,''),(21,'Leo\'s Taco Shop','9828 Magnolia Ave','Santee','CA','92071','(619) 562-0021','NA','NA',32.8556437,-116.9729989,''),(22,'Ferny\'s Mexican Grill','10320 Mission Gorge Road','Santee','CA','92071','(619) 562-1343','NA','NA',32.8387127,-116.9729249,''),(23,'Ferny\'s Mexican Grill','10320 Mission Gorge Road','Santee','CA','92071','(619) 621-1343','NA','NA',32.8387127,-116.9729249,''),(24,'Poke Go','4150 Mission Blvd #145','San Diego','Ca','92109','(858) 291-8955','NA','NA',32.7913197,-117.2544418,''),(25,'Grand Ole BBQ','3302 32nd St','San Diego','CA','92104','(619) 213-3765','Admin','admin@grandolebbq.com',32.7394583,-117.1253092,''),(26,'Chipotle Mexican Grill','9828 Mission Gorge Road','Santee','CA','92071','(619) 655-4784','NA','NA',32.8409311,-116.9815307,''),(27,'Tilted Kilt Pub and Eatery','310 Tenth Ave','San Diego','CA','92101','(619) 814-5458','NA','NA',32.7085806,-117.1558475,''),(28,'The Habit Burger Grill','4175 Genesee Ave','San Diego','CA','92101','(858) 277-1089','NA','NA',32.8186427,-117.1812705,''),(29,'El Toro Del Cerro','6358 Del Cerro Blvd','San Diego','CA','92120','(619) 287-8541','NA','NA',32.7840719,-117.0603579,''),(30,'Napizza','1702 India St','San Diego','CA','92101','(619) 696-0802','NA','NA',32.7232141,-117.1684753,''),(31,'Magic Mike\'s Pizza','6152 Garden Grove Blvd','Westminster','CA','92683','(714) 898-0211','NA','NA',33.7738077,-118.0246451,''),(32,'Lil\' Farmers Cafe','4240 Kearny Mesa Blvd','San Diego','CA','92111','(858) 430-6553','NA','NA',32.8185909,-117.1501802,''),(33,'Oggi\'s Pizza and Brewery','9828 Mission Gorge Road','Santee','CA','92071','(619) 449-6441','NA','NA',32.8409311,-116.9815307,''),(34,'East Coast Pizza','435 University Ave','San Diego','CA','9103','(619) 501-3444','NA','NA',32.7480942,-117.1609301,''),(35,'Little Caesar\'s Pizza','9720 Mission Gorge Road Ste C','Santee','CA','92071','(619) 562-3500','NA','NA',32.8397254,-116.9854392,''),(36,'Panda Express','9862 Mission Gorge Road','Santee','CA','92071','(619) 562-1089','NA','NA',32.8387166,-116.9812271,''),(37,'The Hills Local Pub','8758 La Mesa Blvd','La Mesa','CA','91942','(619) 741-7166','NA','NA',32.7706087,-117.0089178,''),(38,'Mom\'s & Dom\'s Pizza','5025 Shawline St','San Diego','CA','92111','(858) 292-1511','NA','NA',32.8334929,-117.1634356,''),(39,'Lucha Libre Taco Shop','1810 W. Washington St','San Diego','CA','92103','(619) 296-8226','NA','NA',33.1239521,-117.1055059,''),(40,'WA Sushi','9340 Clairemont Mesa Blvd Suite B','San Diego','CA','92111','(858) 569-9595','NA','NA',32.8323638,-117.1279627,''),(41,'ACA Taco North','1000 W Sacramento Ave # D','Chico','Ca','95926','530-343-0909','n/a','n/a',39.731429,-121.8583293,''),(42,'Lil Pickle','2985 Fairview Rd','Costa Mesa','CA','92626','(714) 979-5522','NA','NA',33.679437,-117.908367,''),(43,'Domo Sushi Bar & Grill','9625 Mission Gorge Rd','Santee','CA','92071','(619) 596-2882','NA','NA',32.8373392,-116.9876939,''),(44,'Tabu Sushi Bar','9343 Mission Gorge Rd','Santee','CA','92071','(619) 201-8228','NA','NA',32.8374945,-116.9940765,''),(45,'Annie\'s Fine Burgers','9862 Mission Gorge Road','Santee','CA','92071','(619) 258-8288','NA','NA',32.8387166,-116.9812271,''),(46,'Chili\'s Bar & Grill','9804 Mission Gorge Rd','Santee','CA','92071','(619) 258-5811','NA','NA',32.8390361,-116.9819251,''),(47,'Banbu Sushi','8555 Fletcher Pkwy Suite B','La Mesa','CA','91942','(619) 589-0071','NA','NA',32.7801453,-117.014163,''),(48,'Round Table Pizza','9824 N Magnolia Ave','Santee','CA','92071','(619) 449-0521','NA','NA',32.8554959,-116.9730085,''),(49,'Oishii Japanese Thai Restaurant','10251 Mast Blvd Ste B','Santee','CA','92071','(619) 596-4852','NA','NA',32.8547002,-116.9736786,''),(50,'Tabu Sushi Bar & Grill','2986 Jamacha Road, El Cajon, CA 92019','El Cajon','CA','92019','(619) 670-8228','NA','NA',32.740255,-116.940958,''),(51,'Sd Blenders','235 Town Center Pkwy H','Santee','Ca','92071','(619) 457-0373','n/a','n/a',32.8413236,-116.985885,''),(52,'Buffalo Wild Wings','254 Town Center Parkway','Santee','CA','92071','(619) 596-4625','NA','NA',32.8433494,-116.985527,''),(53,'Acapulco','1262 Bristol St','Costa Mesa','CA','92626','(714) 754-6528','NA','NA',33.6688471,-117.8855618,''),(54,'James Coffee Co.','2355 India St','San Diego','CA','92101','(619) 756-7770','NA','NA',32.7291829,-117.1703587,''),(55,'Santana\'s Mexican Food','10050 Mission Gorge Rd','Santee','CA','92071','(619) 631-7680','NA','NA',32.8381702,-116.9778487,''),(56,'Costco Santee','101 Town Center Pkwy, Santee','Santee','Ca','92071','(619) 448-3300','n/a','n/a',32.840222,-116.9873931,''),(57,'Takka Sushi Bar & Grill','9535 Mission Gorge Rd','Santee','CA','92071','(619) 562-8006','NA','NA',32.8382725,-116.9900866,''),(58,'Ahi Sushi & Grill','2872 Fletcher Pkway','El Cajon','CA','92020','(619) 337-1388','NA','NA',32.8016633,-117.0043241,''),(59,'Islands Mission Valley','2441 Fenton Pkwy','san diego','CA','92108','6196402727','n/a','n/a',32.7816645,-117.1304171,''),(60,'Sei Sushi','8862 Navajo Rd','San Diego','CA','92119','(619) 644-5002','NA','NA',32.8041675,-117.0074394,''),(61,'Narumi Sushi','9118 Fletcher Pkwy','La Mesa','CA','91942','(619) 461-1151','NA','NA',32.7932392,-117.003242,''),(62,'Ami Sushi','755 Arnele Ave','El Cajon','CA','92020','(619) 593-7651','NA','NA',32.8033754,-116.9720949,''),(63,'Hodad\'s Downtown SD','945 Broadway','San Diego','CA','92101','(619) 234-6323','NA','NA',32.7155826,-117.1557974,''),(64,'Katsu Cafe','7305 Clairemont Mesa Blvd Suite B','San Diego','CA','92111','(858) 560-8859','NA','NA',32.8320588,-117.1606663,''),(65,'Urban Solace','3823 30th Street','San Diego','CA','92104','(619) 295-6464','NA','NA',32.7478317,-117.1298016,''),(66,'Yardhouse','1640 Camino Del Rio North','San Diego','CA','92108','(619) 574-0468','NA','NA',32.7659127,-117.1557736,''),(67,'Mammoth Tavern','587 Old Mammoth Rd','Mammoth Lakes','CA','93546','(760) 934-3902','NA','NA',37.6375782,-118.9660735,''),(68,'Roberto\'s Mexican Cafe','271 Old Mammoth Road','Mammoth Lakes','CA','93546','(760) 934-3667','NA','NA',37.6420322,-118.9660064,''),(69,'Giovannis Mammoth','437 Old Mammoth Rd','Mammoth Lakes','CA','93546','(760) 934 - 75663','NA','NA',37.639103,-118.9642989,''),(70,'53 Kitchen & Cocktails','6201 Minaret Rd #153','Mammoth Lakes','CA','93546','(760) 934-0707','NA','NA',37.6510366,-118.9852703,''),(71,'Craft & Commerce','675 W. Beech St','San Diego','CA','92101','(619) 269 - 2202','NA','info@craft-commerce.com',32.7207272,-117.1688655,''),(72,'Looney Bean','399 N Main St','Bishop','CA','92514','(760) 873-3311','NA','bishop@looneybean.com',37.3637373,-118.3955414,''),(73,'Alberto\'s Mexican Food','19582 Temescal Canyon Road','Corona','CA','92881','(951) 340-1467','NA','NA',37.7218048,-122.4370073,''),(74,'Mateo\'s Taqueria','2889 Mission Street','San Francisco','CA','94110','(415) 648-6000','NA','NA',37.7508961,-122.4180867,''),(75,'Slanted Door','1 Ferry Building #3','San Francisco','CA','94110','(415) 861-8032','NA','NA',37.794883,-122.3998137,''),(76,'Golden Boy Pizza','542 Green Street','San Francisco','CA','94133','(415) 982-9738','NA','NA',37.7998354,-122.4080837,''),(77,'Milkbomb Ice Cream','1717 17th Street','San Francisco','CA','94103','(415) 780-4429','NA','NA',37.7644775,-122.4008576,''),(78,'Ham \'n Scram','5871 Westminster Ave','Westminster','CA','92683','(714) 899-9100','NA','NA',33.7593468,-118.0264218,''),(79,'La Taqueria','2889 Mission Street','San Francisco','CA','94110','(415) 285-7117','NA','NA',37.7218048,-122.4370073,''),(80,'Ham \'n Scram','5871 Westminster Ave','Westminster','CA','92683','(714) 899-9100','NA','NA',33.7593468,-118.0264218,''),(81,'Tu Taco Taco Shop','1419 Hilltop Dr Ste D','Chula Vista','CA','91911','(619) 882-2920','NA','NA',32.6039062,-117.0512197,''),(82,'The Juice Standard','3708 S Las Vegas Blvd','Las Vegas','CA','89109','(702) 979-9803','NA','NA',36.1097544,-115.1738726,''),(83,'La Guadalajara','4789 Mission Street','San Francisco','CA','94112','(415) 469-5480','NA','NA',37.7218048,-122.4370073,''),(84,'Butterleaf','2222 Michelson Drive','Irvine','CA','92613','(949) 932-0420','NA','NA',33.6762106,-117.8554564,''),(85,'Lupe\'s No. 2','4642 E 3rd St','Los Angeles','CA','90022','(323) 266-6681','NA','NA',34.0331066,-118.1654559,''),(86,'Lofty Coffee','444 W Cedar St','San Diego','CA','92101','(760) 230-6747','NA','NA',32.7220998,-117.1672365,''),(87,'The Pizza Press','901 S Coast Dr #120c','Costa Mesa','CA','92626','(657) 266-0027','NA','NA',33.6888711,-117.8947535,''),(88,'Miguel\'s Jr.','2320 Compton Ave','Corona','CA','92881','(951) 279-9393','NA','NA',33.843992,-117.5373732,''),(89,'Mr. Taco No. 2','2435 Main St','Riverside','CA','92501','(951) 682-4020','NA','NA',33.9941393,-117.3666569,''),(90,'Pepe\'s Finest Mexican Food','511 W Valley Blvd','Alhambra','CA','91803','(626) 289-8618','NA','NA',34.078471,-118.1284133,''),(91,'Stacks Burgers Shakes & Fries','1706 S 320 St','Federal Way','CA','98003','(253) 941-3307','NA','NA',47.3161299,-122.3116596,''),(92,'Mr Katsu','3165 Yorba Linda Blvd','Fullerton','CA','92831','(714) 986-9888','NA','NA',33.8893912,-117.8701228,''),(93,'Fiesta Cantina','142 University Ave','San Diego','CA','92103','(619) 298 - 2500','NA','NA',32.7484328,-117.1631024,''),(94,'The Wrap Shack','9490 Cuyamaca Street','Santee','CA','92071','(619) 332-8319','NA','NA',32.8480895,-116.9838247,''),(95,'Lupe\'s Taco Shop','14916 Springdale Street','Westminster','CA','92683','(714) 892-7252','NA','NA',33.745454,-118.0237092,''),(96,'The Crack Shack','2266 Kettner Blvd','San Diego','CA','92101','(619) 795-3299','NA','NA',32.7279012,-117.1711893,''),(97,'The Social Post','123 Westminster','Long Beach','CA','90841','6196452368','NA','NA',33.9267242,-118.1708122,''),(98,'Kaito Sushi','120 N El Camino Real','Encinitas','CA','92024','(760) 634-2746','NA','NA',33.0473019,-117.260329,''),(99,'Encinitas Ale House','1044 S Coast Hwy 101','Encinitas','CA','92024','(760) 943 - 7180','NA','NA',33.0384973,-117.2931056,''),(100,'Leucadia Pizzeria & Italian Restaurant','315 S Coast Hwy 101','Encinitas','CA','92024','(760) 942-2222','NA','NA',33.0485332,-117.2937733,''),(101,'Blue Ribbon Pizzeria','897 S Coast Hwy 101','Encinitas','CA','92024','(76) 634 - 7671','NA','NA',33.0410173,-117.2926439,''),(102,'Bua Thai','12378 Poway Rd','Poway','CA','92064','(858) 679-7073','NA','NA',32.9529874,-117.0630465,''),(103,'Bahn Thai','4646 Park Blvd','San Diego','CA','92116','(619) 299-6363','NA','NA',32.7618987,-117.1464648,''),(104,'Spicy House','3860 Convoy St','San Diego','CA','92111','(858) 278-5883','NA','NA',32.8141393,-117.1539653,''),(105,'Chaba Thai Kitchen','8010 Clairemont Mesa Blvd','San Diego','CA','92111','(858) 503-7777','NA','NA',32.8331843,-117.1499945,''),(106,'Bangkok Bay','731 S Highway 101 #1b1','Solana Beach','CA','02075','(858) 792-2427','NA','NA',32.9821072,-117.2700747,''),(107,'Sala Thai','6161 El Cajon Blvd Suite #A','San Diego','CA','92115','(619) 229-9050','NA','NA',32.7618942,-117.0646365,''),(108,'The Original Sab-E-Lee','6925 Linda Vista Rd','San Diego','CA','92111','(858) 850-6868','NA','NA',32.7844085,-117.1709351,''),(109,'Tumeric Thai Kitchen','6435 Caminito Blythefield','La Jolla','CA','92037','(858) 886-7985','n/a','n/a',32.832217,-117.244663,''),(110,'San Dao Restaurant','5421 El Cajon Blvd','San Diego','CA','92115','(619) 263-0914','n/a','n/a',32.7575634,-117.0787915,''),(111,'Sushirrito','226 Kearny St','San Francisco','CA','94108','(415) 544-9868','NA','NA',37.7902361,-122.4037893,''),(112,'Thai Time 3','4310 Genesee Ave #111','San Diego','CA','92117','(858) 278-4949','n/a','n/a',32.8215613,-117.1836326,''),(113,'Urth Caffe','594 E Colorado Blvd','Pasadena','CA','91101','(626) 844-4644','n/a','n/a',34.145607,-118.1381916,''),(114,'Juice Crafters','1740 India St','San Diego','CA','92101','(619) 231-4329','NA','NA',32.7235376,-117.1685919,''),(115,'Herb & Wood','2210 Kettner Blvd','San Diego','CA','92101','(619) 955-8495','NA','NA',32.7272171,-117.1709295,''),(116,'Kafe Sobaka Retoran Pomegranate','2469 Broadway','San Diego','CA','92102','(619) 297-4007','NA','NA',32.7155583,-117.1410191,''),(117,'China Max','698 Convoy St C101','San Diego','CA','92111','(858) 650-3333','NA','NA',32.8382883,-117.1520405,''),(118,'Subterranean Coffee Boutique','3764 30th St','San Diego','CA','92104','(619) 780-0916','NA','NA',32.7466549,-117.1302933,''),(119,'Tajima Ramen House Convoy','4681 Convoy St #1','San Diego','CA','92111','(858) 576-7244','Na','Na',32.8255416,-117.1543697,''),(120,'Local Greens','2820 Historic Decatur Rd','San Diego','CA','92106','(858) 792-2622','Angela Beyer','angela_beyer@msn.com',32.7401595,-117.2111954,''),(121,'OB Beans Coffee Roasters','4879 Newport Ave','San Diego','CA','92107','(619) 738-8151','NA','NA',32.7453209,-117.249174,''),(122,'Cruiser Taco','2850 El Cajon Blvd','San Diego','CA','92104','(619) 564-7178','Nathan Sellars','nathansellers@gmail.com',32.755586,-117.1323806,''),(123,'Board & Brew','4516 Mission Blvd','San Diego','CA','92109','(619) 270-2739','Clayton','Clayton@boardandbrew.com',32.7967676,-117.2559636,''),(124,'Coffee Corner Santee','235 Town Center Pkwy','Santee','CA','92071','(619) 996-9007','Duane','Info@santeecoffeecorner.com',32.8413236,-116.985885,''),(125,'Better Buzz Coffee','1186 Garnet Avenue','San Diego','CA','92109','858-274-2899','NA','NA',32.7983434,-117.2486263,''),(126,'Taqueria Guerrro Style','5966 Westminster Blvd','Westminster','CA','92683','(714) 702-5592','Carlos Orelleno','tacosgstyle@gmail.com',33.7581107,-118.0251995,'');
/*!40000 ALTER TABLE `company` ENABLE KEYS */;
UNLOCK TABLES;

--
-- Table structure for table `food`
--

DROP TABLE IF EXISTS `food`;
/*!40101 SET @saved_cs_client     = @@character_set_client */;
/*!40101 SET character_set_client = utf8 */;
CREATE TABLE `food` (
  `id` int(11) NOT NULL AUTO_INCREMENT,
  `company_id_id` int(11) NOT NULL,
  `name` varchar(55) COLLATE utf8_unicode_ci NOT NULL,
  `type` varchar(50) COLLATE utf8_unicode_ci NOT NULL,
  `description` varchar(50) COLLATE utf8_unicode_ci NOT NULL,
  `genre` varchar(125) COLLATE utf8_unicode_ci NOT NULL,
  `price` varchar(50) COLLATE utf8_unicode_ci NOT NULL,
  `ingredients` text COLLATE utf8_unicode_ci NOT NULL,
  `image_name` varchar(125) COLLATE utf8_unicode_ci DEFAULT NULL,
  `entry_date` datetime NOT NULL,
  `latitude` double NOT NULL,
  `longitude` double NOT NULL,
  `phone` varchar(255) COLLATE utf8_unicode_ci NOT NULL,
  `printerId` varchar(255) COLLATE utf8_unicode_ci NOT NULL,
  PRIMARY KEY (`id`),
  KEY `IDX_D43829F738B53C32` (`company_id_id`),
  CONSTRAINT `FK_D43829F738B53C32` FOREIGN KEY (`company_id_id`) REFERENCES `company` (`id`)
) ENGINE=InnoDB AUTO_INCREMENT=250 DEFAULT CHARSET=utf8 COLLATE=utf8_unicode_ci;
/*!40101 SET character_set_client = @saved_cs_client */;

--
-- Dumping data for table `food`
--

LOCK TABLES `food` WRITE;
/*!40000 ALTER TABLE `food` DISABLE KEYS */;
INSERT INTO `food` VALUES (1,2,'NAK Burrito','Burrito','Burrito','Mexican Food','$8.25','Carne Asada, Guacamole, French Fries, Beans, Cheese','0d8bc287684453910155c8e5bf605399.jpeg','2017-04-13 00:00:00',32.7712019,-117.0695631,'(619) 583-4182',''),(2,1,'Bean & Cheese Burrito','burrito','Bean and cheese burrito wrapped in a flour tortill','mexican','$4.99','Bean, Cheese, Flour Tortilla','6b87a47432d79361dad417ff9f0d54c5.jpeg','2017-04-13 00:00:00',32.8384132,-117.0000313,'(619) 562-0940',''),(3,13,'Ballast Point Burger with Fries','Cheeseburger','Blue Cheese Burger on a Brioche Bun','American','$15.00','Meyers All Natural Beef, Blue Cheese Crumble, Lettuce, Tomato, Onion, Brioche Bun with French Fries','72d68bfaa37d3d1db41cf4e7825df95d.jpeg','2017-04-14 00:00:00',32.7276691,-117.1696954,'619-255-7213',''),(4,6,'California Burrito','Burrito','California Burrito','Mexican Food','$7.50','Carne Asada, French Fries, Cheese, Flour Tortilla','dabb9ae959d521e5fa781311d75be084.jpeg','2017-04-14 00:00:00',33.0439472,-117.2588939,'7609447689',''),(5,8,'California Burrito','Burrito','Taco Surf PB','Mexican Food','$7.25','Carne Asada, French Fries, Bell Pepper, Onion, Guacamole, Cheese','1eb3ebf9db8b5653daf7b32cca5be683.jpeg','2017-04-14 00:00:00',32.7988885,-117.2559985,'858-272-3877',''),(6,10,'The Don NoNo','Burrito','Carne Asada Burrito','Mexican Food','$7.81','Carne Asada, Guacamole, Cheese, Potatoes, Flour Tortilla','d0901e98c94adaec11007b5d17155ddc.jpeg','2017-04-14 00:00:00',32.8175549,-117.1806344,'858-571-7771',''),(7,11,'The Triple Threat','Burrito','Shrimp, Carne Asada and Chicken Burrito','Mexican Food','$8.75','Carne Asada, Shrimp, Chicken, Redford Beans, Mexican Rice, Cilantro, Onion, Flour Tortilla','54fa636df9301a07951a38a2800de72f.jpeg','2017-04-14 00:00:00',33.9392878,-117.2410527,'951-247-7623',''),(8,3,'Half N Half Bowl','Chicken and Beef','Half Chicken and Half Beef with Grilled Veggies','Korean Food','$8.49','Grilles Chicken, Grilled Angus Beef, Brown Rice, Green Onion, Squash, Broccoli, Onion, Bell Pepper','58c357288550f4abc660958da23f1835.jpeg','2017-04-14 00:00:00',32.798066,-117.2503475,'858-274-4704',''),(9,4,'Carne Asada Burrito','Burrito','Carne Asada Burrito add Guacamole','Mexican Food','$7.81','Carne Asada, French Fries, Guacamole, Cheese','08e7963a886e45dc6a8969209b143ae3.jpeg','2017-04-19 00:00:00',32.795746,-117.2517018,'858-412-4256',''),(10,5,'Carne Asada Fries','Fries','Carne Asada French Fries with Guac','Mexican','$8.50','Carne Asada, French Fries, Cheese, Guacamole, Sour Cream,','7211b94afa3c88a9ab4a79699824fe7c.png','2017-04-23 00:00:00',32.8184201,-116.9620294,'(619) 444-8228',''),(11,7,'Destroyer Breakfast Burrito','Burrito','Breakfast Burrito','Mexican','$6.49','Flour Tortilla, Bacon, Sausage & Ham, with Hashbrowns','9ce4ee6e4be26dc91140c416156140bd.png','2017-04-23 00:00:00',32.8451255,-116.9987078,'(619) 449-2103',''),(12,9,'Lunch Burrito','Breakfast Burrito','Breakfast Burrito with Bacon','Mexican','$5.61','Flour Tortilla, Eggs, beans, cheese, potatoes, sausage, bacon, or ham','c33a0433597c7e555b92e66a7e04c26c.png','2017-04-23 00:00:00',32.8229619,-117.1844079,'(858) 571-8843',''),(13,12,'The Lindsey Special','Turkey Sandwich','Turkey, Bacon, Avocado on Sourdough Bread','Sandwich','$6.00','Turkey, Bacon, Avocado, Lettuce, Pepperchini, Red Onion, Alfalfa Sprouts, Deli Mustard, Sourdough Bread','acf3a82f6d9f2a4d83000e0ba07e416d.jpeg','2017-04-23 00:00:00',32.7838672,-117.0596606,'619-287-1400',''),(14,14,'Dragon Roll (10 pcs)','Sushi Roll','Dragon Roll with 10 pieces','Sushi','$8.50','Fried Shrimp, Crab, Cucumber, Eel, Avocado, Eel Sauce','8ed5c76f7d87b86d29b1823e8eecd67d.jpeg','2017-04-23 00:00:00',32.8326084,-117.1654151,'858-268-0465',''),(15,16,'California Burrito add Guac','Burrito','California Burrito with Guacamole','Mexican Food','$8.46','California Burrito with Carne Asada, French Fries, Cheese and Add Guacamole','d5e904bd14273e383fd132e5da9f8f11.jpeg','2017-05-05 00:00:00',32.7472212,-117.1612562,'(619) 693-5040',''),(16,15,'California Burrito','Burrito','California Burrito with Carne Asada','Mexican Food','$6.73','Carne Asada, French Fries, Cheese and Guacamole','0b476ddd8e6cee2740a601586f28b7c1.jpeg','2017-05-05 00:00:00',32.8353461,-116.9831361,'6195968189',''),(17,17,'Pesto Chicken and Pepperoni Sausage (2 total slices)','Pizza','Chicken Pesto and Pepperoni Sausage Lunch Special','Italian','$5.98','Pizza Slices with Chicken, Pesto Sauce, Pepperoni, Sausage, Ricatta, Mozerella and Pizza Dough','c4c7508d56d60b20c700a4e9cc2ecd5f.jpeg','2017-05-05 00:00:00',32.8322612,-117.1212231,'(858) 569-7499',''),(18,23,'Ferny\'s Burrito','Carne Asada Burrito','California Burrito','Mexican Food','$7.54','Carne Asada, Guacamole, Curly Fries, Cheese','5050e290aef13a35678e349db0bf9689.jpeg','2017-05-08 00:00:00',32.8387127,-116.9729249,'(619) 621-1343',''),(19,24,'Poke Bowl','Bowl','Poke Bowl with Ahi Tuna and Shrimp','Hawaiian','$7.95','Ahi Poke, Shrimp, Brown Rice, Spicy Mayo, Krab (Kanikama) Salad, Seaweed Salad, Cucumber, Ginger, Onion','8c62daf5c57d4916141b0368d57e78e8.jpeg','2017-05-09 00:00:00',32.7913197,-117.2544418,'(858) 291-8955',''),(20,21,'California Burrito','Burrito','Leo\'s Taco Shop','Mexican Food','$6.45','Carne Asada, Guacamole, Cheese, French Fries, Flour Tortilla','0888db79d0eda5bd882ec2fa2c9849c3.jpeg','2017-05-09 00:00:00',32.8556437,-116.9729989,'(619) 562-0021',''),(21,18,'Grilled Octopus Taco','Tacos','Grilled Octopus Taco (Pulpo)','Mexican Food','$4.80','Taco with Grilled Octopus (Pulpo), Cabbage, Onion, Tomato, Cilantro, Avocado, Cheese','6fea48c56b6840a93adb2e4345471f88.jpeg','2017-05-10 00:00:00',32.7092387,-117.1559837,'(619) 564-6007',''),(22,25,'Beef Short Rib','bbq','Beef short rib','american','$4.99','Beef short rib','1d1f86140e812aa1f58abdc6309e4db5.jpeg','2017-05-10 00:00:00',32.7394583,-117.1253092,'(619) 213-3765',''),(23,26,'Bean & Cheese Burrito','Burrito','Bean & Cheese Burrito','Mexican Food','$2.26','Burrito with Beans and Cheese in a Flour Tortilla','b888db09c1115810f33b5d3705d6c7cd.jpeg','2017-05-11 00:00:00',32.8409311,-116.9815307,'(619) 655-4784',''),(24,27,'BBQ Bacon Cheeseburger','Bacon Cheeseburger','BBQ Bacon Cheeseburger with French Fries','American','$15.00','BBQ Bacon Cheeseburger with a 1/2 pound Beef PattyApplewood Smoked Bacon, Cheddar Cheese, Guinness BBQ Sauce, Crispy Shoestring Onions, Leaf Lettuce, Ripe Tomato','b109eaa36162bfa6dcbada8d8860cdd6.jpeg','2017-05-11 00:00:00',32.7085806,-117.1558475,'(619) 814-5458',''),(25,28,'Double Char with Cheese','Cheeseburger','Double Cheeseburger','American','$5.24','Double Cheeseburger with Two Beef Patties, Swiss Cheese, Grilled Onion, Lettuce, Pickles, Mayonnaise','95deb991ce5d1425b2939c709f7a8238.jpeg','2017-05-11 00:00:00',32.8186427,-117.1812705,'(858) 277-1089',''),(26,29,'California Burrito','Burrito','California Burrito No Salsa No Sour Cream','Mexican Food','$9.85','California Burrito with Carne Asada, Guacamole, Cheese, French Fries','0ceb0bc6dc7fd9a6e26e10e09a8f9e73.jpeg','2017-05-12 00:00:00',32.7840719,-117.0603579,'(619) 287-8541',''),(27,7,'California Burrito','Burrito','California Burrito','Mexican Food','$5.98','California Burrito with Carne Asada, French Fries, Cheese, Mexican Guacamole','7a33b43c07d6d09f8b1a4fb8aaa90181.jpeg','2017-05-12 00:00:00',32.8451255,-116.9987078,'(619) 449-2103',''),(28,30,'2 Slices of Pizza','Pizza','2 Slices of Pizza','Italian','$11.00','1 slice of Gluten Free Pepperoni, Sausage and Jalapeño with one slice BBQ Chicken Pizza','904b2c20a2c3eb6815be807525640a64.jpeg','2017-05-18 00:00:00',32.7232141,-117.1684753,'(619) 696-0802',''),(29,31,'Meatlovers with Jalapeño','Pizza','Magic Mike\'s Pizza','Italian','$12.95','Large Pizza with Pepperoni, Ham, Sausage, Jalapeño.  Sm $12.95 M$14.95 L$18.95','f773d8d14bf5abd73142fa07e036df66.jpeg','2017-05-18 00:00:00',33.7738077,-118.0246451,'(714) 898-0211',''),(30,32,'Build Your Own Salad','Salad','Build Your Own Salad','Healthy','$8.84','Salad with Spinach, Kale, Romaine, Quinoa, Artichoke, Tuna, Cucumber, Alfalfa Sprouts, Pepperchini and Citronette Dressing','a96f47076b57e24ea7332484bf255700.jpeg','2017-05-18 00:00:00',32.8185909,-117.1501802,'(858) 430-6553',''),(31,33,'Short Rib Nachos (Half Order)','Nachos','Short Rib Nachos (Half Order)','Mexican Food','$6.49','Nachos with fresh Tortilla chips, Braised Short Ribs, Fresh Jalapeño, Avocado, Pico de Gallo, Gouda, Mozzarella, Cheddar Cheese, Sour Cream and Adobo Sauce','09be09a6efca0cb9a183ccb50a6b459a.jpeg','2017-05-18 00:00:00',32.8409311,-116.9815307,'(619) 449-6441',''),(32,34,'2 Pizza Slices and Drink','Pizza','2 Slices of Pizza and a Drink','Italian','$6.99','1 Pizza Slice with Pesto, Artichoke, Marinara and 1 Slice with Chicken, Bacon','cfba2e555e4ef3a79a37a123cb2c30a6.jpeg','2017-05-18 00:00:00',32.7480942,-117.1609301,'(619) 501-3444',''),(33,35,'Deep Dish Pizza','Pizza','Deep Dish Pizza Half Pepperoni Half Meat Lovers','Italian','$9.00','Deep Dish Pizza with Half Pepperoni Half Meatlovers','55755acbe75aab85dae48cb47ee93dca.jpeg','2017-05-18 00:00:00',32.8397254,-116.9854392,'(619) 562-3500',''),(34,36,'Two Item Entree','Chinese Food','Two Item Entree','Chinese Food','$7.87','Orange Chicken, Beijing Beef, Fresh Steamed Veggies, Chow Mein','e95eae7368353d60d01cb5db2402882a.jpeg','2017-05-18 00:00:00',32.8387166,-116.9812271,'(619) 562-1089',''),(35,37,'Mediterranean Nachos','Nachos','Mediterranean Nachos','Mediterranean','$9.95','Nachos with Pita Chips, Mozzarella Cheese, Tzatziki Sauce, Diced Tomatoes, Olive Salad, Pepperchini, Chopped Chicken','b15503693089e3a24337388e14dffb35.jpeg','2017-05-19 00:00:00',32.7706087,-117.0089178,'(619) 741-7166',''),(36,38,'Pepperoni Pizza Slice, a Salad And Drink','The Daily Special','The Daily Special','Italian','$6.50','Pepperoni Pizza Slice, Ranch Salad and a Drink','541920d514300a3ec7c716ea1f4bec03.jpeg','2017-05-19 00:00:00',32.8334929,-117.1634356,'(858) 292-1511',''),(37,39,'Surfin\' California','Burrito','Burrito with Shrimp and Steak','Mexican Food','$9.64','Burrito with Steak, Shrimp, Avocado, French Fries, Cheese, Pico de Gallo, Super Secret Chipotle Sauce','01100f270949962b60eb96257cd5526e.jpeg','2017-05-19 00:00:00',33.1239521,-117.1055059,'(619) 296-8226',''),(38,13,'Manta Ray Double IPA','Beer','A growler of great beer','American','$15.99','Manta Ray Double IPA Growler','543d80963d0d5a958d5f69498abe9b96.jpeg','2017-05-19 00:00:00',32.7276691,-117.1696954,'619-255-7213',''),(39,40,'Dragon Roll','Sushi Roll','Dragon Roll','Japanese Sushi Bar','$8.50','Sushi Roll with Cali Roll Inside, Avocado, Crab, Eel, Eel Sauce','e76fdf5fd763b5059118cdc98207fa91.jpeg','2017-05-19 00:00:00',32.8323638,-117.1279627,'(858) 569-9595',''),(40,13,'Bonito','beer','A growler of great beer','american','$15.99','beer, cold, foam','d32bee9302eaa09124defd4ce2116129.png','2017-05-20 00:00:00',32.7276691,-117.1696954,'619-255-7213',''),(41,42,'Turkey Breast 10\"','Sandwich','Turkey Breast Sandwich','Sandwich Shop','$6.95','Turkey Sandwich with Fresh Turkey, Mozzarella Cheese, Lettuce, Kosher Pickles','6b478b1052b168e60d30bf1577a3383c.jpeg','2017-05-22 00:00:00',33.679437,-117.908367,'(714) 979-5522',''),(42,43,'Eel Roll','Sushi Roll','Sushi Roll with Cooked Eel','Japanese','$8.50','Eel Sushi Roll with Eel, Avocado, Cucumber, Eel Sauce','03d0a4d2a1190f1a447b5a57b23fa53c.jpeg','2017-05-24 00:00:00',32.8373392,-116.9876939,'(619) 596-2882',''),(43,43,'Spanish Roll','Specialty Roll','Spanish Roll with Salmon','Japanese','$13.00','Spanish Roll with Krab, Salmon, Lemon, Ponzu Sauce, Green Onion','b946b06526ce5d78d53aa67c9f93f3f7.jpeg','2017-05-24 00:00:00',32.8373392,-116.9876939,'(619) 596-2882',''),(44,43,'Sushi Combo','Sushi Combo','Sushi Combo','Japanese','$16.00','Sushi Combo with Maguro, Sake (Salmon), Hamachi, Albacore, Surf Clam (Ebi) [1 of ea], 6pc Shrimp Tempera Roll','03497e630212c2bfb0f3a5032894e257.jpeg','2017-05-24 00:00:00',32.8373392,-116.9876939,'(619) 596-2882',''),(45,44,'Sweet Thang','Specialty Roll','Dragon Roll (9 pc)','Japanese','$12.00','Dragon Roll with Shrimp Tempera, Avocado, Topped with Eel, Avocado, Eel Sauce','3747577c148c1addc561f0ef853713b9.jpeg','2017-05-24 00:00:00',32.8374945,-116.9940765,'(619) 201-8228',''),(46,43,'Caterpillar Roll','Specialty Roll','Caterpillar Roll','Japanese Sushi','$10.00','Caterpillar Sushi Roll with Crab, Eel, Avocado, Eel Sauce, Tuna','61685257cccfc1580ac91dbde45f5e01.png','2017-05-25 00:00:00',32.8373392,-116.9876939,'(619) 596-2882',''),(47,43,'Spicy Rainbow Roll','Sushi Roll','Spicy Rainbow Roll','Japanese Sushi','$12.00','Rainbow Roll Sushi with Inside Crab, Cucumber, Avocado, Spicy Tuna. Outside: 5 different kinds of fish','8a36f0ae6c756dc4ad6eb61ce05b692e.png','2017-05-25 00:00:00',32.8373392,-116.9876939,'(619) 596-2882',''),(48,44,'Sexy Roll','Specialty Roll','Sexy Roll','Japanese Sushi','$15.00','Sexy Sushi Roll with Shrimp Tempura, Spicy Crab, Avocado, Cucumber, Cream Cheese, Wrapped in Tuna, Topped w/ Chopped Shrimp Tempura Mixed in Sauce','064aaca25da2c6751ba6a823a8d0e06c.png','2017-05-25 00:00:00',32.8374945,-116.9940765,'(619) 201-8228',''),(49,28,'#2 Double Char with Fries and Drink','Burger','Double Cheeseburger, Fries and Drink','American','$10.24','Double Cheese Burger with American Cheese, Lettuce, Tomato, Carmelized Onion, Mayo','ed8d0851f3da1f97d286de8df5cf422c.png','2017-05-25 00:00:00',32.8186427,-117.1812705,'(858) 277-1089',''),(50,45,'Monster Burger','Burger','FoodsUp','American','$10.25','Cheeseburger with Baked Pastrami, Turkey, Crisp Bacon, Swiss Cheese, Lettuce, Tomato, Red Onion, Pickle and Mayo with Honey Mustard.','c1f0abeefc6c8c5b34a284a8083bd7d1.png','2017-05-25 00:00:00',32.8387166,-116.9812271,'(619) 258-8288',''),(51,45,'Sand Dune Burger','Cheeseburger','Cheeseburger','American','$8.50','Cheeseburger with Battered Thinly Sliced Onion, Crisp Bacon, Cheddar Cheese, Lettuce, Tomato, Smokey Teriyaki Sauce','957e542c430c0a674d0e747548eb78aa.png','2017-05-25 00:00:00',32.8387166,-116.9812271,'(619) 258-8288',''),(52,45,'California Burger','Cheeseburger','Cheeseburger','American','$8.50','Cheeseburger with Fresh Avocado, Crisp Bacon, Swiss Cheese, Lettuce, Tomato, Red Onion, Pickle and Thousand Island.','7ebe9f4d9ca6291f2c241b75b12a9612.png','2017-05-25 00:00:00',32.8387166,-116.9812271,'(619) 258-8288',''),(53,28,'BBQ Bacon Char','Bacon Cheeseburger','Bacon Cheeseburger','American','$4.95','Baocn Cheeseburger with Crisp Bacon, Lettuce, Fresh Tomato, Caramelized Onions, Pickles, and mayo on a toasted bun.','38844d84b7a6b630e9597b7d7a52f560.png','2017-05-25 00:00:00',32.8186427,-117.1812705,'(858) 277-1089',''),(54,28,'Santa Barbara Style Char','Cheeseburger','Cheeseburger with Avocado','American','$5.95','Cheeseburger with Double Char with Cheese & Avocado on Grilled Sourdough, Lettuce, Tomato, Pickle','8bcea2e3dbb08ac194e2507e4544bf99.png','2017-05-25 00:00:00',32.8186427,-117.1812705,'(858) 277-1089',''),(55,46,'Classic Bacon Cheeseburger','Bacon Cheeseburger','Bacon Cheeseburger','Tex Mex','$10.19','Cheeseburger with Cheddar, Bacon, Pickles, Lettuce, Tomato, Red Onion & Chili\'s Signature Sauce Served with French Fries.','a11bc014e3fed2aa1705edf41f55dedb.png','2017-05-25 00:00:00',32.8390361,-116.9819251,'(619) 258-5811',''),(56,46,'Southern Smokehouse Burger','Bacon Cheeseburger','Cheeseburger','Tex Mex','$11.79','Cheeseburger with Bacon, Cheddar, Pickles, Spiced Panko Onion Rings, Lettuce, Tomato & Chili\'s Signature Sauce. Served with a side of Chili\'s classic BBQ sauce.','4a3c63a56f7e11e0008ad967501e9841.png','2017-05-25 00:00:00',32.8390361,-116.9819251,'(619) 258-5811',''),(57,47,'After Burner Roll','Sushi Roll','Sushi Roll','Japanese Sushi','$13.00','Sushi Roll with Shrimp Tempera, Avocado, Cucumber Roll, Topped with Spicy Crab Salad, Eel Sauce, Jalapeflo','7e8fc5fe3eabac2f62bf1c4cf4e6ab11.png','2017-05-25 00:00:00',32.7801453,-117.014163,'(619) 589-0071',''),(58,35,'Hot n Ready Pepperoni Pizza','Pepperoni Pizza','Pepperoni Pizza','Italian','$5.00','Pepperoni Pizza with Pepperoni, Cheese, Marinara Sauce','a37e902b6a953a9b4531ea2485c1fc54.png','2017-05-25 00:00:00',32.8397254,-116.9854392,'(619) 562-3500',''),(59,35,'Italian Cheese Bread','Cheese Bread','Cheese Bread','Italian','$4.95','Little Caesars Italian Cheese Bread Freshly Baked Bread with a Crispy Edge, Covered with Melted Cheeses and Topped with Italian Spices.','8f4190a21feca67f7b2acea831de40de.png','2017-05-25 00:00:00',32.8397254,-116.9854392,'(619) 562-3500',''),(60,35,'Ultimate Supreme Pizza','Pizza','Supreme Pizza','Italian','$8.00','Supreme Pizza with Pepperoni, Italian Sausage Sausage, Green Bell Pepper, Onion, Mushroom,','b313b3085e21a896271aa9fb3f1fe8a0.png','2017-05-25 00:00:00',32.8397254,-116.9854392,'(619) 562-3500',''),(61,35,'Cheese Pizza','Pizza','Hot n Ready','Italian','$5.00','Cheese Pizza with Marinara Sauce','d106d3463e8408385d9bbfccad938be6.png','2017-05-25 00:00:00',32.8397254,-116.9854392,'(619) 562-3500',''),(62,48,'Pepperoni Pizza (Large)','Pizza','Pepperoni Pizza','Italian','$19.99','Pepperoni Pizza with Pepperoni, Zesty Red Sauce, Original Crust','91f60787a35d6acb4cda74666d329e82.png','2017-05-25 00:00:00',32.8554959,-116.9730085,'(619) 449-0521',''),(63,45,'Crispy Chicken Burger with Bacon','Chicken Sandwich','Chicken Sanwich','Sandwich','$10.25','Chicken Sandwich with Crispy Fried Chicken Breast, Mozarella Cheese, Lettuce, Tomato, Red Onion, Pickle, Butter Milk Ranch Dressing','33ba637350904c3e930f5274ee6d422b.png','2017-05-25 00:00:00',32.8387166,-116.9812271,'(619) 258-8288',''),(64,49,'Caterpillar Roll','Sushi Roll','Caterpillar Roll','Japanese Sushi','$10.50','Caterpillar Sushi Roll with Avocado, Crab, Cucumber','74fd92855196c3bd76c683ad9915f2f5.png','2017-05-26 00:00:00',32.8547002,-116.9736786,'(619) 596-4852',''),(65,49,'Sunny Roll','Sushi Roll','Sushi Roll','Japanese Sushi','$13.00','Sushi Roll with Shrimp, Avocado on top and Crab, Cucumber','c91117c0e252238cf3058b7e7f526c94.png','2017-05-26 00:00:00',32.8547002,-116.9736786,'(619) 596-4852',''),(66,49,'Dragon Roll','Specialty Roll','Dragon Roll','Japanese Sushi','$13.00','Dragon Sushi Roll with Eel, Avocado, Crab, Cucumber','38c39fd19772c0e41e969d8ddfa084a9.png','2017-05-26 00:00:00',32.8547002,-116.9736786,'(619) 596-4852',''),(67,50,'Rancho Roll','Sushi Roll','Racho Roll','Japanese Sushi','$11.00','Sushi Roll with Fresh Salmon, Avocado, Cream Cheese, Fried in Tempura Bater Topped w/ Spicy Mayo and Siracha','49050e2ea316fbcf34b0b5a50081a2d8.png','2017-05-26 00:00:00',32.740255,-116.940958,'(619) 670-8228',''),(68,22,'Ferny\'s Fries','Carne Asada Fries','Large Carne Asada Fries','Mexican Food','$9.00','Fries, Curly Fries, Carne Asada, Guacamole, Sour Cream, Shredded Cheese, Jalapeno, Cojita Cheese,','d3426039ebfc661b547840c6e4e1e1da.png','2017-05-26 00:00:00',32.8387127,-116.9729249,'(619) 562-1343',''),(69,44,'Big Ed Roll','Sushi Roll','Sushi Roll','Japanese Sushi','$17.00','Sushi Roll with Shrimp Tempura, Avocado, Cream Cheese, Wrapped in Shrimp','b2afb2c8e5289b8f63888809e1be8af8.png','2017-05-26 00:00:00',32.8374945,-116.9940765,'(619) 201-8228',''),(70,22,'Hot Cheeto Burrito','Burrito','Hot Cheeto Burrito','Mexican','$7.00','Steak, guacamole, sour cream, nacho cheese, and hot cheetos','477dfc59b8f46cb1bdc7d419d938e007.png','2017-05-26 00:00:00',32.8387127,-116.9729249,'(619) 562-1343',''),(71,7,'The Estrada\'s Burrito','Burrito with a Rolled Taco','Carne Asada Burrito','Mexican','$6.50','Carne Asada, Rolled Taco, Nacho Cheese, Mexican Guacamole','db81f70cb75e44f30d2c1e011cd59774.png','2017-05-26 00:00:00',32.8451255,-116.9987078,'(619) 449-2103',''),(72,7,'Carne Asada Fries','Carne Asada Fries','Carne Asada French Fries with Guac','Mexican','$5.95','Carne Asada, French Fries, Guacamole, Sour Cream, Nacho Cheese, Shredded Cheese,','536d89f750e6804a6254676b872474c9.png','2017-05-26 00:00:00',32.8451255,-116.9987078,'(619) 449-2103',''),(73,47,'Banbu Roll','Sushi Roll','Sushi Roll','Japanese Sushi','$16.00','Sushi Roll with Salmon, Avocado, Cream Cheese, Tempura Fried with Spicy Mayo, Siracha and a Jalapeno on Top','3d3eac69f3df8ef99d534934041d18e5.png','2017-05-26 00:00:00',32.7801453,-117.014163,'(619) 589-0071',''),(74,51,'Peanut Butter Builder','Protein Smoothie','Medium Peanut Butter Builder','Smoothie','$6.45','Non Fat Milk, Non Fat , Non Fat Peanut Butter Yogurt, Peanuts, Banana, 28 Grams, Whey Protein','a1f6d26cb16301584eeda2eaf1caf08b.png','2017-06-01 00:00:00',32.8413236,-116.985885,'(619) 457-0373',''),(75,52,'Buffalo Chicken Mac and Cheese','Mac and Cheese','Buffalo Mac and Cheese with Spicy Garlic Sauce','Mac and Cheese','$10.76','Buffalo Chicken Mac and Cheese, Spicy Garlic Sauce, Chicken','4af64e92e0b67d06d37540236c77e05f.jpeg','2017-06-01 00:00:00',32.8433494,-116.985527,'(619) 596-4625',''),(76,53,'Nachos Ultimos','Nachos','Acapulco','Mexican Food','$6.99','A Mountain of Warm Corn Tortilla Chips with Picadillo Beef, Shredded Beef, Shredded Chicken or Carnitas, Refried Beans, Melted Jack and Cheddar Cheese, Fresh Jalapenos, Ripe Tomatoes, Sour Cream and Fresh Guacamole','1270ddfbdc71ac19e96bc00e3b34212d.png','2017-06-01 00:00:00',33.6688471,-117.8855618,'(714) 754-6528',''),(77,54,'Batch Brew','Black Coffee','Batch Brew Black Coffee','Coffee','$2.50','Black Coffee that\'s rich, comforting and has familiar taste. Sweet notes of Chocolate and Vanilla.','101388975fcfc6aec5c0674ed0fe20f0.jpeg','2017-06-01 00:00:00',32.7291829,-117.1703587,'(619) 756-7770',''),(78,55,'Carne Asada Chips','Nacho','Carne Asada Chips','Mexican Food','$6.75','Carne Asada Chips Topped with Beans, Cheddar Cheese, Guacamole, Sour Cream, Mexican Salsa, Cotija Cheese','e7e53ac28fac9392bf05c01fd7335115.png','2017-06-04 00:00:00',32.8381702,-116.9778487,'(619) 631-7680',''),(79,56,'1 Slice of Cheese Pizza','Pizza','Cheese Pizza','Italian','$1.99','Cheese, Pizza','f5172676f9f4967c41012e0ae3bf2d3c.png','2017-06-04 00:00:00',32.840222,-116.9873931,'(619) 448-3300',''),(80,57,'Dragon Roll','Sushi Roll','Dragon Roll','Japanese Sushi','$11.00','Eel, Avocado, Cucumber, Rice, Seaweed, Eel Sauce','79d2d0fea35bb33746fba816d610504e.png','2017-06-04 00:00:00',32.8382725,-116.9900866,'(619) 562-8006',''),(81,56,'Cheese Pizza (10 Slices)','Pizza','Cheese Pizza ( 10 Slices)','Italian','$9.95','Cheese Pizza','5a01a3eb5ee539f8d589db33b1223005.png','2017-06-04 00:00:00',32.840222,-116.9873931,'(619) 448-3300',''),(82,56,'1 Slice of Pepperoni Pizza','Pizza','1 Slice of Pepperoni Pizza','Italian','$1.99','Cheese, Pepperoni, Pizza','8594198eaa67c2c0ea3eb7e93afb29d8.png','2017-06-04 00:00:00',32.840222,-116.9873931,'(619) 448-3300',''),(83,56,'Pepperoni Pizza Pie (10 Slices)','Pizza','10 Slice Pepperoni Pizza','Italian','$9.95','Pepperoni, Cheese, Pizza','ff46555791b11ee78cf45a040b6658eb.png','2017-06-04 00:00:00',32.840222,-116.9873931,'(619) 448-3300',''),(84,58,'Scorpion Roll','Specialty Roll','Scorpion Roll','Japanese Sushi','$12.50','Tempura Shrimp Cucumber & Avocado Outside: Eel & Soft Shell Crab Maki','e29b7c8fa84f02c045636bae9524535a.png','2017-06-04 00:00:00',32.8016633,-117.0043241,'(619) 337-1388',''),(85,58,'Fire of Love','Sushi Roll','Fire of Love Sushi Roll','Japanese Sushi','$11.50','Imitation Crab, & Avocado Outside: All Salmon Baked\r\nwith Dynamite Sauce','824864ac90ba17e4cc3be3d6bd1db66b.png','2017-06-04 00:00:00',32.8016633,-117.0043241,'(619) 337-1388',''),(86,56,'Combo/ Supreme Pizza Pie ( 10 Slices)','Pizza','Pepperoni, Bell Peppers, Onions, Olives, Sausage,','Italian','$9.95','Pepperoni, Bell Peppers, Onions, Olives, Sausage, Cheese, Pizza','6038c6713d77126ff34db3e1ee6c128e.png','2017-06-04 00:00:00',32.840222,-116.9873931,'(619) 448-3300',''),(87,58,'Dynamite Roll','Sushi Roll','Dynamite Roll','Sushi','$7.99','Inside: Imitation Crab, Avo, Cucumber\r\nOutside: Chopped Fish Baked, crunchy','0a26faa99928161f1cfaaa3d3db0031a.png','2017-06-04 00:00:00',32.8016633,-117.0043241,'(619) 337-1388',''),(88,58,'Caterpillar Roll','Sushi Roll','Caterpillar Roll','Japanese Sushi','$7.99','Inside: Eel, Cucumber;\r\nOutside: Avo, Imitation Crab & Eel Sauce','4357d67d320edb5eb98b4ec822763036.png','2017-06-04 00:00:00',32.8016633,-117.0043241,'(619) 337-1388',''),(89,56,'1 Slice of Combo/ Supreme Pizza','Pizza','Pepperoni, Bell Peppers, Onions, Olives, Sausage,','Italian','$1.99','Pepperoni, Bell Peppers, Onions, Olives, Sausage, Cheese, Pizza','2a8582d72a84476877cd15a9506adae0.png','2017-06-04 00:00:00',32.840222,-116.9873931,'(619) 448-3300',''),(90,60,'Grossmont Roll','Sushi Roll','Sushi Roll','Sushi','$9.65','Spicy Crab, Cream Cheese, Jalapenos, Rice','c55fcae6ccab482f36cd61c64a992cc3.png','2017-06-04 00:00:00',32.8041675,-117.0074394,'(619) 644-5002',''),(91,61,'Pico de Gallo Roll','Sushi Roll','Pico de Gallo Roll','Sushi','$6.95','Inside: Spicy Tuna, Avocado, & cucumber. Top: Sriracha Sauce, Pico, & Sweet sauce','cb6d4a06d29b9ba88f60236a75edc9f9.png','2017-06-04 00:00:00',32.7932392,-117.003242,'(619) 461-1151',''),(92,59,'Kilauea with Guacamole','Burger','Jalapeño & Black Pepper Crusted Burger','American','$14.84','Jalapeño, black pepper crusted, burger , pepper jack cheese, chipotle aioli, lettuce, tomato, Island Reds, Guacamole, spicy','350fc09d11802a2ea0bd0c51db6c78dd.png','2017-06-04 00:00:00',32.7816645,-117.1304171,'6196402727',''),(93,59,'Kilauea with Guacamole','Burger','Jalapeño & Black Pepper Crusted Burger with Fries','American','$14.84','Jalapeño, black pepper crusted, burger , pepper jack cheese, chipotle aioli, lettuce, tomato, Island Reds, Guacamole, spicy, fries','db780a23f52d6f93d5a3cf61a05b77da.png','2017-06-04 00:00:00',32.7816645,-117.1304171,'6196402727',''),(94,59,'Big Wave','Burger','Cheese Burger','American','$12.20','American cheese, lettuce, tomato, onion, \r\npickles,mustard, fries, Burger','56a95b15cd03ea11ac5ee898e6e86c81.png','2017-06-04 00:00:00',32.7816645,-117.1304171,'6196402727',''),(95,61,'Seared Smoke Salmon Roll','Sushi Roll','Seared Smoke Salmon Roll','Sushi','$8.95','Inside: Crab, & Grilled Eel Top: Seared Smoke Salmon, Seared Salmon, Cream Cheese, Sweet Sauce, & Spicy Mayo','546d58fadf9711bea1a2c92956d3432a.png','2017-06-04 00:00:00',32.7932392,-117.003242,'(619) 461-1151',''),(96,59,'Bluenami','Burger','Blue Cheese Burger, with Fries','American','$12.25','Bleu cheese dressing, lettuce, tomato, red onion, crumbled bleu cheese, fries','beaf49f154e75803052d2230f452cd9e.png','2017-06-04 00:00:00',32.7816645,-117.1304171,'6196402727',''),(97,61,'Ceviche Roll','Sushi Roll','Ceviche Roll','Sushi','$9.25','Inside: Crab, Avocado, & Cucumber. Top: Boiled, Shrimp, Salmon, Pico De Gallo, Ponzu Sauce, & Masago.','6228155ad3600eb13257a5c7c1e26d19.png','2017-06-04 00:00:00',32.7932392,-117.003242,'(619) 461-1151',''),(98,61,'Magic Yellowtail Roll','Sushi Roll','Magic Yellowtail Sushi Roll','Sushi','$9.50','Inside: Spicy Crab, Avocado, & Cucumber. Top: Seared Yellowtail, Creamy Teriyaki Sauce, Light Crunch, & scallion','9579d97edad73839e91e6e85ec3b556e.png','2017-06-04 00:00:00',32.7932392,-117.003242,'(619) 461-1151',''),(99,59,'Hawaiian Burger with Fries','Burger','Swiss Cheese Burger with Fresh Pineapple and Fries','American','$12.49','Fresh pineapple, teriyaki sauce, lettuce, tomato, onion, swiss, mayo, fries','18f9d44e8af646ecb0b8dfe91468ef5b.png','2017-06-04 00:00:00',32.7816645,-117.1304171,'6196402727',''),(100,59,'2 Fish Tacos','Tacos','2 Fried Fish Tacos w/ Ranchero Beans','Mexican','$11.64','Corn tortillas, ,w/premium fried fish, chipotle-white sauce, cabbage, cilantro, diced tomatoes, pico de gallo,ranchero beans, Cotija cheese','9c6f26951ba1a6feefb09eec5b07ae7b.png','2017-06-04 00:00:00',32.7816645,-117.1304171,'6196402727',''),(101,59,'Malibu Burger with Onion Rings','Bacon Cheese Burger','Bacon Cheese Burger with Onion Rings','American','$14.44','Lettuce, tomato, onion, pickles, american cheese, applewood smoked bacon, mustard, Onion rings, Burger, Wheat','3f4794c701c9f2586ea7fdfa7194f9ee.png','2017-06-04 00:00:00',32.7816645,-117.1304171,'6196402727',''),(102,62,'Vegas Roll','Sushi Roll','Vegas Roll','Sushi','$8.25','Deep Fried, Topped with Jalapenos, Spicy Mayo, Eel Sauce. Inside: Salmon, Avocado, Cream Cheese, Deep Fried with Jalapenos.','4d6f919b319595f0547ff9e51d5920ed.png','2017-06-04 00:00:00',32.8033754,-116.9720949,'(619) 593-7651',''),(103,59,'Chilli Cheddar Fries','Appetizer Cheddar Fires','Fries covered w/melted cheese and Chilli','American','$10.98','Fries, cheddar cheese, melted, scallions, chilli','cd0e7b37c622232230e07127bf629877.png','2017-06-04 00:00:00',32.7816645,-117.1304171,'6196402727',''),(104,2,'#7 Breakfast Burrito','Breakfast Burrito','Breakfast #7 add Sour Cream and Guacamole','Mexican Food','$9.75','Eggs, Steak, Fries, Cheese, Sour Cream, Guacamole','acf6b1042ad554f80fffcbc66dacd5aa.jpeg','2017-06-20 00:00:00',32.7712019,-117.0695631,'(619) 583-4182',''),(105,22,'Veggie Burrito','Burrito','Veggie Burrito add Chicken','Mexican Food','$8.75','Grilled Chicken, Beans, Bell Peppers, Onions, Potatoes','792c4a2296b5c7ea1b6e19f27a9de530.jpeg','2017-06-21 00:00:00',32.8387127,-116.9729249,'(619) 562-1343',''),(106,63,'Double Bacon Cheeseburger','Bacon Cheeseburger','Double Bacon Cheeseburger','American','$12.50','Two Beef Patties, Bacon, Mayonnaise, Mustard, Onion, Ketchup, PIckle, Tomato, Lettuce on a Wheat Bun','ce418def5a84af88e07d9137c3fa7fed.png','2017-06-21 00:00:00',32.7155826,-117.1557974,'(619) 234-6323',''),(107,63,'Guido Burger','Pastrami Cheeseburger','Pastrami Cheeseburger with Potato Wedges','American','$11.00','Pastrami, Beef Patty, Ketchup, Pickles, Swiss Cheese, Grilled Onions, Spicy Brown Mustard with Potato Wedges','efa57c18f213d4c15f5903d5dd7b1b19.png','2017-06-21 00:00:00',32.7155826,-117.1557974,'(619) 234-6323',''),(108,64,'Banzai Ramen','Ramen','Chicken and Veggie Ramen','Japanese','$8.09','Ramen, Grilled Chicken, Steamed Bell Pepper, Onions, Green Onion, Carrots, Lettuce, Zuchinni','bef6ce30064242710ac29a5327ab48a7.jpeg','2017-06-21 00:00:00',32.8320588,-117.1606663,'(858) 560-8859',''),(109,65,'EBLT','Sandwich','BLT with Egg for Weekday Brunch','American','$13,50','Brown Sugar Bacon, Fried Egg, Tomato, Lemon-Thyme Aioli, Egg Bread','b8bff628d1fbfdbc59c540e97bcf4950.png','2017-06-22 00:00:00',32.7478317,-117.1298016,'(619) 295-6464',''),(110,65,'Duckaroni','Mac and Cheese','Duck Mac and Cheese','American','$15.00','A Skillet of Duck Mac and Cheese','67e05e2a274853cc4ec521df0a327706.png','2017-06-22 00:00:00',32.7478317,-117.1298016,'(619) 295-6464',''),(111,39,'Surf & Turf Tacos','Tacos','Surf & Turf Tacos','Mexican Food','$9.00','Steak, Shrimp & Avocado topped with Secret Chipotle Sauce & Queso Enchilado','c28ee62a945481cf5288782b1e4eeb09.png','2017-06-22 00:00:00',33.1239521,-117.1055059,'(619) 296-8226',''),(112,39,'Classic Cali','Burrito','California Burrito','Mexican Food','$7.95','Your choice of Steak, Breast or Pork Adobada, Fresh Fries, Jack Cheese, Sour Cream and Pico de Gallo','52ec4a61c7890fac363503c2733bb932.png','2017-06-22 00:00:00',33.1239521,-117.1055059,'(619) 296-8226',''),(113,39,'Champion Fries or Nachos','Fries','Carne Asada Fries or Nachos','Mexican Food','$8.50','Chicken or Cheese with your choice of Mole or Green Sauce, topped with melted Jack Cheese, served with Rice, Beans and Sour Cream','accd629270eb0c2e46a2490486284546.png','2017-06-22 00:00:00',33.1239521,-117.1055059,'(619) 296-8226',''),(114,49,'Pad Thai','Thai Noodle','Chicken Pad Thai','Thai Food','$8.95','Chicken or Beef Stir-fried rice noodles with egg and our homeade Pad Thai Sauce','dbf0ad4031c77806fa04bd5710a674b6.jpeg','2017-06-23 00:00:00',32.8547002,-116.9736786,'(619) 596-4852',''),(115,66,'Orange Chicken','Chinese Food','Orange Chicken','Chinese Food','$17.85','Baby Corn, Bok Choy, Orange Glaze, Jasmine Rice.','7aeab03904c83e5ea7abecb9eef11b65.jpeg','2017-06-23 00:00:00',32.7659127,-117.1557736,'(619) 574-0468',''),(116,67,'Tavern Burger','Bacon Cheeseburger','Bacon Cheeseburger','American','$12.95','White Cheddar, Smoked Bacon, Lettuce, Tomato, Grilled Red Onions, Dijon-Mayo, Toasted Bun, Sweet Potato Fries','62f59e15e81399eb3eaaea51862286d9.png','2017-06-23 00:00:00',37.6375782,-118.9660735,'(760) 934-3902',''),(117,67,'Mac & Cheese','Mac and Cheese','Mac & Cheese','American','$11.00','Elbow Pasta, Three Cheeses Mornay Sauce','6e5250bc993a27fea1d971a239b17eb1.png','2017-06-23 00:00:00',37.6375782,-118.9660735,'(760) 934-3902',''),(118,67,'Smoked Salmon Potato Skins','Potato Skins','Smoked Salmon Potato Skins','American','$15,95','Cucumber, Red Onion, Caper, Lemon Dill Sour Cream, Tobiko','b13efef612835c09b8fbed4ffe9a3d1c.png','2017-06-23 00:00:00',37.6375782,-118.9660735,'(760) 934-3902',''),(119,68,'Veggie Fajita Burrito','Burrito','Veggie Burrito','Mexican Food','$7.99','Grilled Onions, Tomatoes, Bell Peppers, Potatoes, Whole Beans topped with Verde Sauce and Cheese.  Served with Guacamole and Sour Cream','42f0d972b8091cf166462c11ee9facce.png','2017-06-23 00:00:00',37.6420322,-118.9660064,'(760) 934-3667',''),(120,68,'Duck Quesadilla','Quesadilla','Duck Quesadilla','Mexican Food','$7.99','Duck Meat, Cheese, Flour Tortilla','acd6c4f9a6dd4b777890c6f26dde0a11.png','2017-06-23 00:00:00',37.6420322,-118.9660064,'(760) 934-3667',''),(121,69,'Masterpiece','Pizza','Masterpiece Pizza','Italian','$12.00','Italian Sausage, Pepperoni, Sausage, Bell Pepper, Mushroom \r\nSmall $12 Medium $20 Large $27 Mammoth $34','a519eeb3cd310748eceb2d55e2eccd9b.png','2017-06-23 00:00:00',37.639103,-118.9642989,'(760) 934 - 75663',''),(122,69,'BBQ Chicken Pizza','Pizza','Gluten Free BBQ Chicken Pizza (Gluten Free + $2)','Italian','$12.00','Barbeque Sauce, Chicken, Corn, Roasted Red Pepper, Red Onion, Cilantro\r\nPick a Size: Small $12 Medium $20 Large $27 Mammoth $34','66d4f302a106dfca5ea47be5733cefff.png','2017-06-23 00:00:00',37.639103,-118.9642989,'(760) 934 - 75663',''),(123,70,'La Frieda Burger','Cheeseburger','53 Kitchen & Cocktails','American','$16.00','Beef Patty, 53 Sauce, Cheddar Cheese, Lettuce, Tomatoes, Onion on a Brioche Bun','99d3135873f56082530bfe4639a1173a.png','2017-06-23 00:00:00',37.6510366,-118.9852703,'(760) 934-0707',''),(124,70,'Avocado Turkey Burger','Turkey Burger','Avocado Turkey Burger','American','$16.00','Applewood Smoked Bacon, Avocado, Lettuce, Tomatoes, Onions, Cheddar Cheese on a Green Goddess Brioche Bun','2758c65af794f8f1fd2133ed1aa276d1.png','2017-06-23 00:00:00',37.6510366,-118.9852703,'(760) 934-0707',''),(125,64,'Chicken and Beef Bowl','Bowl','Chicken and Beef Bowl','Japanese','$7.00','Grilled Chicken, Beef, Steamed Veggies and White Rice','1e93a5383dd28dcb70b438c1d30a3f2a.jpeg','2017-06-23 00:00:00',32.8320588,-117.1606663,'(858) 560-8859',''),(126,64,'Teriyaki Plate','Chicken Plate','Teriyaki Plate','Japanese','$8.25','Chicken teriyaki plate with rice miso soup green salad and potato salad','1bc0d2e55afac9b96804f4228b2be9ec.jpeg','2017-06-23 00:00:00',32.8320588,-117.1606663,'(858) 560-8859',''),(127,64,'Tonkatsu Ramen','Ramen','Tonkatsu Ramen','Japanese','$7.00','Tonkatsu ramen Tonkatsu broth, chashu pork, vegetables and a hard boiled egg','ccbe1733fd6b41ed81b4232844f05e5c.jpeg','2017-06-23 00:00:00',32.8320588,-117.1606663,'(858) 560-8859',''),(128,71,'Brussels Sprouts','Brussel Sprouts','Brussel Sprouts','Craft','$8.00','Kimchi Vinaigrette, Bacon, Slow Poached Egg, Brussel Sprouts','051f8e759ea6f339fabab1c4d3a79939.png','2017-06-24 00:00:00',32.7207272,-117.1688655,'(619) 269 - 2202',''),(129,71,'Crudite Salad','Salad','Salad','American','$9.00','Arugula, Radish, Carrots, Fennel, Green Goddess Dressing','2469f884784f3b4615efabe8ee16b509.png','2017-06-24 00:00:00',32.7207272,-117.1688655,'(619) 269 - 2202',''),(130,71,'Duroc Pork Flat Iron','Pork Chop','Pork','American','$28.00','Shishito and Mushroom Hash, Leek Puree, Fava Beans, Pork Jus','ac98ed9c271d43b8b072a8c6c4e28050.png','2017-06-24 00:00:00',32.7207272,-117.1688655,'(619) 269 - 2202',''),(131,71,'Chili Con Carne','Chili','Chili Con Carne','Mexican Food','$10.00','Grilled Skirt Steak, Pasillas, Cotija, Lime Crema, Corn Crisps','be812bf2cda527edefcbbc3a51a6cd6e.png','2017-06-24 00:00:00',32.7207272,-117.1688655,'(619) 269 - 2202',''),(132,71,'Bone Marrow','Bone Marrow','Bone Marrow','American','$14.00','Arugula, Cheery Tomatoes, Fresno Chili Relish, Sourdough and Bone Marrow','b36465bc9ea0428fb6fc69f607f16670.png','2017-06-24 00:00:00',32.7207272,-117.1688655,'(619) 269 - 2202',''),(133,72,'Breakfast Burrito','Breakfast Burrito','Chorizo Breakfast Burrito','Mexican Food','$7.50','Egg, Chorizo, Cilantro, Pepper, Onion','220fbfb40eee66c0b77ed85442200f8b.jpeg','2017-07-06 00:00:00',37.3637373,-118.3955414,'(760) 873-3311',''),(134,72,'Iced Coffee','Iced Coffee','Iced Coffee','Coffee','$3.00','Iced Coffee','d03628cbe1ed7b5942faec8e79947555.jpeg','2017-07-06 00:00:00',37.3637373,-118.3955414,'(760) 873-3311',''),(135,72,'Black Coffee','Coffee','Hot Black Coffee no Sweetner no Cream','Coffee','$3.00','Black Coffee','a720b74c04692f9b5aeb8f213b6053f6.jpeg','2017-07-06 00:00:00',37.3637373,-118.3955414,'(760) 873-3311',''),(136,72,'Veggie & Turkey Wrap','Veggie Wrap','Veggie & Turkey Wrap','Deli','$7.00','Spinach, Turkey, Red Bell Pepper, Alfalfa Sprouts','fc55a36dee58e431df199a19794ff334.jpeg','2017-07-06 00:00:00',37.3637373,-118.3955414,'(760) 873-3311',''),(137,55,'Surf & Turf Burrito','Burrito','Surf & Turf Burrito','Mexican Food','$7.00','Grilled Steak (Carne Asada), Sauteed Shrimp, Mexican Rice, Cheese, White Sauce','5c7146fb0103e0b519617823f1ae2471.jpeg','2017-07-06 00:00:00',32.8381702,-116.9778487,'(619) 631-7680',''),(138,7,'Robin\'s Burrito (Mini)','Burrito','Burrito Wrapped in a Quesadilla','Mexican Food','$5.00','Carne Asada, French Fries, Cheese and Wrapped in a Quesadilla','844119788bb36c5c69ed1140d7423401.jpeg','2017-07-07 00:00:00',32.8451255,-116.9987078,'(619) 449-2103',''),(139,7,'Bean, Cheese and Rice Burrito','Burrito','Bean, Cheese and Rice Burrito','Mexican Food','$3.75','Flour Tortilla, Rice, Refried Beans, Cheese','bafee45835985d87aa63e3484a94f428.jpeg','2017-07-07 00:00:00',32.8451255,-116.9987078,'(619) 449-2103',''),(140,78,'The Original Breakfast Burrito','Breakfast Burrito','Ham & Egg Burrito','Mexican Food','$8.50','Ham, Bacon, Egg, Hasbrowns, Cheese, Bell Peppers, Onion','2d4340f1c7776ea5794bd48312570ff9.jpeg','2017-08-13 00:00:00',33.7593468,-118.0264218,'(714) 899-9100',''),(141,79,'Carnitas Tacos','Tacos','miss.augustina','Mexican Food','$5.85','Carnitas, Onion, Cilantro and Hot Sauce','272465eecc9857d9bc6aa0ab84929ef2.jpeg','2017-08-24 00:00:00',37.7218048,-122.4370073,'(415) 285-7117',''),(142,78,'The Original Breakfast Burrito','Breakfast Burrito','FoodsUp','Mexican Food','$8.95','Ham, bacon, egg, hash brown, bell pepper, onion & choice of cheese','0086406a35d19fe757746bb13e6ab420.jpeg','2017-08-24 00:00:00',33.7593468,-118.0264218,'(714) 899-9100',''),(143,81,'Hot Cheeto Burrito','Burrito','FoodsUp','Mexican Food','$8.95','Hot Cheeto Quesadilla Wrap, Carne Asada, Chipotle Sauce, French Fries and Cheese','6b6ac86e53400529f4ddd7cda0509565.jpeg','2017-08-24 00:00:00',32.6039062,-117.0512197,'(619) 882-2920',''),(144,82,'Bee Energized Juice','Juice','FoodsUp','Healthy','$12.00','Cucumber, Carrot, Apple, Beet, Lemon','69faf2a5f1017adfd364c7c897a18158.jpeg','2017-08-25 00:00:00',36.1097544,-115.1738726,'(702) 979-9803',''),(145,76,'Pepperoni or Sausage Slice','Pizza Slice','miss.augustina','Italian','$3.25','Pepperoni, Sausage, Mozzarella Cheese, Marinara Sauce','ec0a222b694b11d3948f76db23d205fd.jpeg','2017-08-30 00:00:00',37.7998354,-122.4080837,'(415) 982-9738',''),(146,83,'Super Carnitas Taco','Taco','miss.augustina','Mexican Food','$2.50','Carnitas, Onion, Cilantro, Cream, Avocado, Cheese and Hot Sauce','26ac04734f1e51f2dfd7b03299d12322.jpeg','2017-08-30 00:00:00',37.7218048,-122.4370073,'(415) 469-5480',''),(147,74,'Carne Asada Taco','Taco','miss.augustina','Mexican Food','$5.85','Carne Asada, Radishes, Molcajete Salsa, Onions, Crema','d9df30dfa407dc6540973882038122e2.jpeg','2017-08-30 00:00:00',37.7508961,-122.4180867,'(415) 648-6000',''),(148,75,'Grass-fed Shaking Beef','Beef','miss.augustina','Vietnamese','$41.00','8 oz Cubed Filet Mignon, Red Onion, Lime Sauce','9a8b05d811e8f32f427c57f4e576ed47.jpeg','2017-08-30 00:00:00',37.794883,-122.3998137,'(415) 861-8032',''),(149,73,'Surf n Turf Cali Burrito','California Burrito','burritolist','Mexican Food','$8.50','Carne Asada, Grilled Shrimp, Chipotle Sauce, French Fries, Cilantro, Onion','73898500289426c204652a2a8f9f38ac.png','2017-08-30 00:00:00',37.7218048,-122.4370073,'(951) 340-1467',''),(150,84,'Two Hander Burrito','Veggie Burrito','burritolist','Mexican Food','$9.00','Packed with quinoa, a bounty of seasonal grilled and sautéed veggies, sweet potato, crispy avocado, grill sauce','f827d19450538ee82883f96d7b4f82cd.png','2017-08-30 00:00:00',33.6762106,-117.8554564,'(949) 932-0420',''),(151,85,'Bean and Cheese','Burrito','burritolist','Mexican Food','$3.15','Beans, Cheese, Flour Tortilla','22d4b0f569191bd79795af59d6c7353b.png','2017-08-30 00:00:00',34.0331066,-118.1654559,'(323) 266-6681',''),(152,86,'Cappuccino - Flat White','Cappuccino','FoodsUp','Coffee','$3.50','Roasted Coffee Bean with Milk','ed468bf92277db83e6b1781c4a530f79.jpeg','2017-08-30 00:00:00',32.7220998,-117.1672365,'(760) 230-6747',''),(153,87,'Make Your Own','Pizza','n.nguyeenn','Italian','$11.70','garlic, sundries tomatoes, kalamata olives, artichoke hearts, feta cheese, mozzarella cheese, marinara sauce with jalapenos on the side topped with balsalmic drizzle','d506f6ddaf6aabdbbd544ee65af426db.jpeg','2017-08-30 00:00:00',33.6888711,-117.8947535,'(657) 266-0027',''),(154,88,'California Chile Burrito','Burrito','burritolist','Mexican Food','$3.99','Chile​ relleno, beans, rice & cheese','e4e4431f96d8d107af95d6cd07035bf8.png','2017-08-31 00:00:00',33.843992,-117.5373732,'(951) 279-9393',''),(155,89,'Meat Lover Burrito','Breakf','burritolist','Mexican Food','$6.29','Bacon, Ham, Sausage, Egg, Hashbrown, Cheese','375f84934eb03b23c3ffe4e92933c825.png','2017-08-31 00:00:00',33.9941393,-117.3666569,'(951) 682-4020',''),(156,90,'California Burrito','California Burrito','burritolist','Burrito','$6.25','Choice of meat (carne asada, carnitas, chicken or shredded beef), french fries, cheese & sour cream','9314276b9e3ce2d71fd48ff01289950e.png','2017-08-31 00:00:00',34.078471,-118.1284133,'(626) 289-8618',''),(157,91,'The 777 Burger','Cheeseburger','burritolist','American','$20','6-4oz beef, tempura chicken, 7 bacon slices, 7 cheeses, avocado spread, maple bacon and aioli','44a1b47c446c1474b22382e718fa1400.png','2017-08-31 00:00:00',47.3161299,-122.3116596,'(253) 941-3307',''),(158,77,'Ube Ice Cream Sandwich','Ube Ice Cream','miss.augustina','Ice Cream','$5.70','Ube Ice Cream in an Obe Donut','4d9a26ed46ee53a2001b22598f47185a.jpeg','2017-08-31 00:00:00',37.7644775,-122.4008576,'(415) 780-4429',''),(159,43,'Specialty Roll Meal (2 rolls, edamame and miso soup)','Sushi','FoodsUp','Japanese','$27.50','This meal includes (2) Specialty Rolls, Edamame and Miso Soup.  Pictured rolls include a Rainbow Roll and Dragon Roll.  Great for two people or date night in.','1ebb94f5a5be8c441feb03c5cce9f777.jpeg','2017-09-01 00:00:00',32.8373392,-116.9876939,'(619) 596-2882',''),(160,22,'Ferny\'s Burrito','Burrito','FoodsUp','Mexican Food','$7.00','Carne Asada, Cheese, Potatoes, Guacamole with added Chipotle Cream Sauce','fe78358d9875e4ae601756ec36c59308.jpeg','2017-09-11 00:00:00',32.8387127,-116.9729249,'(619) 562-1343',''),(161,92,'Habanero Pesto','Sandwich','n.nguyeenn','America','$9.00','Pork Cutlet, Cheese, Butter, Extra Deliciousness','e81ba8d11715e3558835ef113a602521.jpeg','2017-09-11 00:00:00',33.8893912,-117.8701228,'(714) 986-9888',''),(162,93,'Fiesta Burrito','Burrito','FoodsUp','Mexican Food','$10.00','Chicken, Steak or Sauteed Veggies, Guacamole, Cheese, Pico de Gallo, Spanish Rice, Beans, Crema Fresca, Onions and Cilantro','42eb70515767bae1bc666b763660ae48.png','2017-09-12 00:00:00',32.7484328,-117.1631024,'(619) 298 - 2500',''),(163,94,'Buffalo Chicken','Wrap','The Wrap Shack','American','$8.45','Crispy Buffalo Chicken Tenders, Mozzarella, Avocado, Blue Cheese Dressing','3bb04be4640d58fde5e719d5803a9926.jpeg','2017-09-12 00:00:00',32.8480895,-116.9838247,'(619) 332-8319',''),(164,94,'Clubhouse','Wrap','The Wrap Shack','American','$8.45','Smoked Turkey, Honey Ham, Bacon, Avocado, Pepper Jack, Ranch Spread','4aefa612e0eb463f69ac789752750105.png','2017-09-12 00:00:00',32.8480895,-116.9838247,'(619) 332-8319',''),(165,95,'Hot Cheeto Burrito','Burrito','Evburd','Mexican Food','$7.50','Steak, Guacamole, Sour Cream, Cheese and Hot Cheetos','c86d112266b3a22e4a62ea3b952ca1f6.png','2017-09-13 00:00:00',33.745454,-118.0237092,'(714) 892-7252',''),(166,96,'Firebird','Chicken Sandwich','The Crack Shack','American','$11.00','Spicy Fried Chicken Thigh, Cool Ranch, Crispy Onions, Pickles, Potato Roll','c61981fd1b9359cdcf8a8202047abb4a.png','2017-09-18 00:00:00',32.7279012,-117.1711893,'(619) 795-3299',''),(167,96,'Senor Croque','Chicken Sandwich','The Crack Shack','American','$12,00','Cripsy Chicken, Bacon, Fried Egg, Cheddar, Miso-Maple Buter, Brioche Bun','ebcb8e34440883d8084884a3473e65e3.png','2017-09-18 00:00:00',32.7279012,-117.1711893,'(619) 795-3299',''),(168,96,'Fried Chicken - 5 pc','Fried Chicken','The Crack Shack','American','$15.00','5 Pieces of Crispy Fried Chicken','e3445fa5626cb2c95fc2d7824f2ee355.png','2017-09-18 00:00:00',32.7279012,-117.1711893,'(619) 795-3299',''),(169,31,'Margherita','Pizza','Magic Mike\'s Pizza','Italian','$11.95','Fresh Basil, Fresh Mozzarella, Marinara Sauce Sm$9.95 M$11.95 L$14.95','d20098a10c94c4c5c2a9e675100d3a1c.jpeg','2017-09-20 00:00:00',33.7738077,-118.0246451,'(714) 898-0211',''),(170,21,'California Breakfast Burrito','Burrito','Leo\'s Taco Shop','Meixcan Food','$6.38','Scrambled Eggs, Cheese, Potatoes, Ham, Bacon and Grilled Onions','10fe0194e88b5f01c202c7e21a1aaa8a.jpeg','2017-09-20 00:00:00',32.8556437,-116.9729989,'(619) 562-0021',''),(171,98,'Red Tide Roll','Sushi Roll','Kaito Sushi','Jap','$16.00','Shrimp tempura, avocado, dynamite sauce, cucumber & tuna and jalapenos on top','a93faba5e816163150a8de450d92ca5b.png','2017-09-20 00:00:00',33.0473019,-117.260329,'(760) 634-2746',''),(172,98,'Spicy Calamari','Calamari/Squid','Kaito Sushi','Japanese','$6.50','Lightly Fried Squid','fe1374bd5efc1145dc730f4088b387bc.png','2017-09-20 00:00:00',33.0473019,-117.260329,'(760) 634-2746',''),(173,99,'New Zealand 100% Grass Fed Kobe Wagyu Burger','Cheeseburger','worldismymenu','American','$16.00','Melted Gruyère, Crumbled Gorgonzola, Crispy Onion Straws, Tomato and Baby Greens','be084fde5943038257a9802288cf872e.png','2017-09-20 00:00:00',33.0384973,-117.2931056,'(760) 943 - 7180',''),(174,99,'Signature \"Harmonica Bill\" Bootlegger Burger','Cheeseburger','Encinitas Ale House','American','$15.00','Whiskey BBQ Sauce, Crispy Onion Straws, Bacon and Melted Pepper Jack Cheese','1a061142108e9817b733220daf72d9e9.png','2017-09-20 00:00:00',33.0384973,-117.2931056,'(760) 943 - 7180',''),(175,100,'Antipasto Salad','Salad','Leucadia Pizza','Italian','$12.09','Mixed greens, ham, salami, provolone cheese, sliced tomatoes, olives, pepperoncini, red onions, croutons and parmesan cheese with Italian dressing Half $7.79 Full $12.09','6a40ddd0842c5a3299a831bd2e97bcf2.png','2017-09-20 00:00:00',33.0485332,-117.2937733,'(760) 942-2222',''),(176,100,'Vegetarian Pizza','Pizza','Leucadia Pizza','Italian','$12.70','Tomato sauce, mozzarella, parm oregano mix, green bell peppers, black olives, mushrooms, onions, and zucchini. Small 10\"','56b78e2014c513bca54574402263efa6.png','2017-09-20 00:00:00',33.0485332,-117.2937733,'(760) 942-2222',''),(177,101,'Staff\'s Favorite','Pizza','Blue Ribbon Pizza','Italian','$8.00','Tomato Sauce, Fennel Sausage, Heavy Cream, Parmigiano Reggiano & Basil','bbecfa5245aa147a69ca0ed1850f9910.png','2017-09-20 00:00:00',33.0410173,-117.2926439,'(76) 634 - 7671',''),(178,101,'Signature','Pizza','Blue Ribbon Pizza','Italian','$16.50','Lemon EVOO, Fresh Mozzarella, Ricotta, Parmigiano Reggiano, Lemon Zest, Red Onion & Basil','0611c4d52cc6fc364266699295305207.png','2017-09-20 00:00:00',33.0410173,-117.2926439,'(76) 634 - 7671',''),(179,102,'Pad Thai Noodle','Pad Thai','Bua Thai','Thai Food','$9.95','Stir-Fried Rice Noodles with Tamrind Sauce, Eggs, and Bean Sprout Topped with Ground Peanuts (Shrimp, Chicken, Beef (Add $1)).','5a08f6fd3fc1f57c60f88066c5e4a5f6.png','2017-09-20 00:00:00',32.9529874,-117.0630465,'(858) 679-7073',''),(180,102,'Crying Tiger','Beef Plate','Bua Thai','Thai Food','$12.95','Perfectly sliced marinated sirloin beef leaving it extremely tender and full of flavor; served with a delicious side sauce that simply pops with flavor.','b8a19d09fc59c6aedec575f98cfffc23.png','2017-09-20 00:00:00',32.9529874,-117.0630465,'(858) 679-7073',''),(181,103,'Shimp Pad Thai','Pad Thai','Bahn Thai','Thai Food','$10.95','Sweet and Tangy, stir-fried with tamarind sauce, eggs, fresh bean sprouts, green onions, with a side of crushed peanuts and lime.','e665916113ff6a5b4268c0323c18d15f.png','2017-09-20 00:00:00',32.7618987,-117.1464648,'(619) 299-6363',''),(182,103,'Chicken Pad Thai','Pad Thai','Bahn Thai','Thai Food','$9.95','Sweet and Tangy, stir-fried with tamarind sauce, eggs, fresh bean sprouts, green onions, with a side of crushed peanuts and lime.','4b0d47480e21eb5c73682d22b53249e4.png','2017-09-20 00:00:00',32.7618987,-117.1464648,'(619) 299-6363',''),(183,103,'Basil Fried Rice','Fried Rice','Bahn Thai','Thai Food','$9.95','Stir-fried with green onions, sweet peppers, fresh basil leaves, eggs, topped with crispy basil','0d8fc105e994af0b7144025dfaaff848.png','2017-09-20 00:00:00',32.7618987,-117.1464648,'(619) 299-6363',''),(184,104,'Lamb Chop with Hot Pepper','Chinese Food','Spicy House','Chinese Food','$10.99','Lamb Chop with Hot Pepper','2d167883dcf31c2215cb200d08b06885.png','2017-09-20 00:00:00',32.8141393,-117.1539653,'(858) 278-5883',''),(185,104,'Cold Chicken with Green Chili Sauce','Chicken','Spicy House','Chinese Food','$9.99','Spicy Cold Chicken with Green Chili Sauce (VERY SPICY)','64c2dac641900c28ce0289b1a867bc87.png','2017-09-20 00:00:00',32.8141393,-117.1539653,'(858) 278-5883',''),(186,104,'Shrimp Hot Pot','Shrimp Pot','Spicy House','Chinese','$16.99','Shrimp Hot Pot','c32a6095945630f157f350944e84a464.png','2017-09-20 00:00:00',32.8141393,-117.1539653,'(858) 278-5883',''),(187,104,'Fried Chicken Cubes with Hot Pepper','Chinese Food','Spicy House','Chinese Food','$9.99','Fried Chicken Cubes with Hot Pepper (VERY SPICY)','7c91cec7db969f04a15283636623782a.png','2017-09-20 00:00:00',32.8141393,-117.1539653,'(858) 278-5883',''),(188,8,'Surf & Turf Burrito','Burrito','Taco Surf PB','Mexican Food','$10.75','Flower tortilla stuffed with carne asada and shrimp, rice, fresh avocado slices, chipotle sauce and salsa fresca','3e09639f086de97c359b9382b32d6dc2.jpeg','2017-09-21 00:00:00',32.7988885,-117.2559985,'858-272-3877',''),(189,105,'Crispy Basil Chicken','Chicken','Chaba Thai Chicken','Thai Food','$11.95','Crispy Chicken stir-fried with bell peppers, onoins, and basil leaves served in our chili garlic sauce.','f446d8a1268048197efb1e546f109890.png','2017-09-21 00:00:00',32.8331843,-117.1499945,'(858) 503-7777',''),(190,105,'Chicken Pad Thai','Pad Thai','Chaba Thai Chicken','Thai Food','$6.95','Our Famous Traditionally cooked rice noodles stir-fried with an egg in a special home made sauce and served with your choice of meat, green onion, tofu, and bean sprouts with rushed peanuts and lime on the side.','a4bb6345caffa08f305ae3e3bcde2dbe.png','2017-09-21 00:00:00',32.8331843,-117.1499945,'(858) 503-7777',''),(191,105,'Beef Salad','Salad','Chaba Thai Chicken','Thai Food','$9.95','Grilled Beef seasoned in lime juice and mixed with red onion, cilantro, cucumbers, tomatoes, and topped with Thai Chili Paste','b23ff0c2551a8066d7f427f032aa687f.png','2017-09-21 00:00:00',32.8331843,-117.1499945,'(858) 503-7777',''),(192,105,'Spicy Basil Noodle (Drunken Noodle)','Drunken Noodel','jakepham','Thai Food','$9.95','Stir-fried flat rice noodles with your choice of meat, basil leaves, Fresh Thai Chili, onions and bell peppers.','248bb156984231387f97a38d5269acd9.png','2017-09-21 00:00:00',32.8331843,-117.1499945,'(858) 503-7777',''),(193,106,'Pad See Ew','Noodles','Bangkok Bay','Thai Food','$13.00','Thick Rice Noodles with Egg, Brocolli, and Carrot in a Sweet Soy Sauce','4b3791ce2d1cb1ef2bc13b5af506ac2d.png','2017-09-21 00:00:00',32.9821072,-117.2700747,'(858) 792-2427',''),(194,106,'Chicken Pad Thai','Pad Thai','Bangkok Bay','Thai Food','$13.00','Rice noodles, stir fried egg, bean sprouts and scallions in a tamarind sauce','fc344d686f9328e43e7be77c3fb0786e.png','2017-09-21 00:00:00',32.9821072,-117.2700747,'(858) 792-2427',''),(195,106,'Twisted Sister','Bangkok Bay Specialties','Bangkok Bay','Thai Food','$16.00','Shrimp & chicken lightly batter, deep fried, top with our chef three flavor sauce garnished with cashew nuts, steamed broccoli and carrot','f03222b71612214bb7622f4dd304d62c.png','2017-09-21 00:00:00',32.9821072,-117.2700747,'(858) 792-2427',''),(196,107,'Shrimp Pad Thai','Pad Thai','Sala Thai','Thai Food','$9.95','Grilled shrimp with stir fried narrow rice noodles, bean sprouts, green onions, crushed peanuts, eggs and Thai seasoning.','11c322a0df5decad0ecf0b8e745ef2a2.png','2017-09-21 00:00:00',32.7618942,-117.0646365,'(619) 229-9050',''),(197,107,'Spicy Noodles','Noodles','Sala Thai','Thai Food','$9.95','Stir fried wide rice noodles, our house special chili sauce, bean sprouts and basil','ccbedd9f3843ceeef59b66acd011cb9d.png','2017-09-21 00:00:00',32.7618942,-117.0646365,'(619) 229-9050',''),(198,107,'Yellow Curry','Curry','Sala Thai','Thai Food','$9.95','Potatoes in yellow curry paste with coconut milk.','0467c176dfb2a3d79e50b14a37d25a8a.png','2017-09-21 00:00:00',32.7618942,-117.0646365,'(619) 229-9050',''),(199,103,'Massaman Curry','Curry','Bahn Thai','Thai Food','$10.95','Chicken with sweet, peanuty curry with potatoes, onions, peanuts, coconut milk and brown rice','c780b5dfb8bc2dd8bb18db545fc1bc92.png','2017-09-21 00:00:00',32.7618987,-117.1464648,'(619) 299-6363',''),(200,108,'Spicy Fried Rice','Fried Rice','Sab-E-Lee','Thai Food','$8.50','W/ Eggs, Onions, Basil, Carrots, and Bell Peppers','09c92c6a9d63e05f575110ba0533a584.png','2017-09-21 00:00:00',32.7844085,-117.1709351,'(858) 850-6868',''),(201,108,'Beef Pad Thai','Pad Thai','Sab-E-Lee','Thai Food','$8.50','Beef W/ Ground Peanuts, Eggs, and Bean Sprouts','dec6c559f439b009ce52cbe2b66b40fc.png','2017-09-21 00:00:00',32.7844085,-117.1709351,'(858) 850-6868',''),(202,108,'Beef Pad Thai','Pad Thai','Sab-E-Lee','Thai Food','$8.50','Beef W/ Ground Peanuts, Eggs, and Bean Sprouts','f66861624256ff3fd29caaa13b07effa.png','2017-09-21 00:00:00',32.7844085,-117.1709351,'(858) 850-6868',''),(203,111,'Geisha\'s Kiss','Sushi Burrito','blondesandburritos','Jap','$13.00','Yellowfin Tuna (Hand-Line Caught), Tamago, Piquillo Peppers, Lotus Chips, Namasu Cucumber, Green Leaf Lettuce, Ginger Guac, Yuzu Tobiko','5db7e32819e407a67fbdc4395a1ddbdb.png','2017-09-21 00:00:00',37.7902361,-122.4037893,'(415) 544-9868',''),(204,113,'The \"New Yorker\" Sandwich','Rueben Sandwich','Urth Caffe','Cafe','$13.25','A classic Rueben sandwich with all natural pastrami with Russian dressing, braised green cabbage, imported Swiss cheese on thick slices of marble bread grilled golden brown. Served with a locally grown mixed greens salad and cornichon pickles','cc2d1a4d397e272caaa4ff73de59c810.png','2017-09-21 00:00:00',34.145607,-118.1381916,'(626) 844-4644',''),(205,113,'Panini El Diablo','Panini','Urth Caffe','Cafe','$13.95','Grilled cilantro marinated chicken breast, three chili sauce, thinly sliced jalapeno, micro cilantro and Monterey jack cheese','67c5890c610751c2f04e51f2d1127b86.jpeg','2017-09-21 00:00:00',34.145607,-118.1381916,'(626) 844-4644',''),(206,113,'Caffe Mocha','Coffee','Urth Caffe','Cafe','$4.75','Rich, Hot Cocoa poured over espresso','a96a3bc89c6de6de99d3701aaa1d7c08.jpeg','2017-09-21 00:00:00',34.145607,-118.1381916,'(626) 844-4644',''),(207,113,'Cold Brew Iced Coffee','Cold Brew Coffee','Urth Caffe','Coffee','$2.95','Organic Cold brew iced coffee 20 oz','354060861a624985afe6b62bf40d0e12.png','2017-09-21 00:00:00',34.145607,-118.1381916,'(626) 844-4644',''),(208,86,'Cold Brew Iced Coffee','Cold Brew Coffee','Lofty Coffe Co','Coffee','$3.77','Cold Brew Iced Coffee','8218a632768d757a2e17a84cf8df50f6.jpeg','2017-09-22 00:00:00',32.7220998,-117.1672365,'(760) 230-6747',''),(209,114,'Flu Off! (Wellness Shot)','Juice Shot','Juice Crafters','Juice','$3.99','Lemon, Ginger & Cayenne Pepper (2.5 oz).','36d300876733e4c4d80d49b1136de11c.jpeg','2017-09-22 00:00:00',32.7235376,-117.1685919,'(619) 231-4329',''),(210,114,'Greenest Plus #3.5','Juice','Juice Crafters','Juice','$7.99','Kale, spinach, romaine, parsley, cucumber, celery, apple, lemon, turmeric & ginger (16 oz).','0ed41ae6db5a5804fbc644900938f5f3.jpeg','2017-09-22 00:00:00',32.7235376,-117.1685919,'(619) 231-4329',''),(211,114,'Alkaline Tonic #13','Juice','Juice Crafters','Juice','$7.99','Apple, lemon, ginger & cayenne pepper (16 oz)','c3ae96c247c9b91660f8c2273a344b1e.jpeg','2017-09-22 00:00:00',32.7235376,-117.1685919,'(619) 231-4329',''),(212,114,'Pacific Love (Meal Replacement Smoothie)','Smoothie','Juice Crafters','Smoothie','$8.99','Maca, cacao nibs, banana, almond butter, dates, coconut butter, almond milk, bee pollen & royal jelly (16 oz).','c50aff8ea7fd53170badf39bf2a2dac1.jpeg','2017-09-22 00:00:00',32.7235376,-117.1685919,'(619) 231-4329',''),(213,114,'Brazilian Super Blend (Acai Bowl)','Acai Bowl','Juice Crafters','Acai Bowl','$9.99','Amazonian Acai with guarana, almond granola, banana, strawberries & coconut flakes','00208c07da58773aae5df666361d0c19.jpeg','2017-09-22 00:00:00',32.7235376,-117.1685919,'(619) 231-4329',''),(214,96,'Mexican Poutine','Poutine','Sandyeggofoodie','Mexican Food','$8.00','Schmaltz Fries, Pollo Asado, Jalapeno cheese wiz','c7932912a4fb2a2626beb3baac55a8f0.png','2017-09-22 00:00:00',32.7279012,-117.1711893,'(619) 795-3299',''),(215,101,'Truffle Shuffle','Pizza','Sandyeggofoodie','Pizza','$17.50','White Truffle Oil, Wild Mushrooms, Goat Cheese, Parmesan, Heavy Cream & Chives','44306c14dfffbb25a2629f75608dc883.png','2017-09-22 00:00:00',33.0410173,-117.2926439,'(76) 634 - 7671',''),(216,115,'Fresh Baked Buttery Rolls (Secret Menu)','Bread Roll','Sandyeggofoodie','Bread Rolls','$7.33','Freshly Baked Buttery Bread Rolls','ed56f58021d0f5c4a3a5f272a5cf1d5b.png','2017-09-22 00:00:00',32.7272171,-117.1709295,'(619) 955-8495',''),(217,116,'Khachapuri','Cheese Pie','Sandyeggofoodie','Pie','$11.50','Cheese pie with a medley of cheese folded into a dough crust','6cd4c49d0835a1bc028255197873bc64.png','2017-09-22 00:00:00',32.7155583,-117.1410191,'(619) 297-4007',''),(218,117,'Black Pepper Steak','Steak','Sandyeggofoodie','Steak','$6.55','Black Pepper Steak','64971f6bc9e08c3d0b1a09eb92816f23.png','2017-09-23 00:00:00',32.8382883,-117.1520405,'(858) 650-3333',''),(219,118,'Albacore Tuna Melt','Tuna Melt','Sandy','Sandwich','$7.25','Mozzarella melted over our Tuna Salad recipe, with tomato adn Romaine on Toasted Pumpernickel Add Avocado $.75 Add Bacon $2','ecdd1cf0f046bc63e9649b4171eda240.png','2017-09-23 00:00:00',32.7466549,-117.1302933,'(619) 780-0916',''),(220,119,'Spicy Sesame Ramen','Ramen','Tajima','Japanese','$10.50','Tonkotsu soup based mixed with special sesame paste, pork or chicken chashu, ground pork, bean sprouts, 1/2 ramen egg, chives & fried garlic. Recommended with fat noodle','10da3668ec6970d744a3ba46ad465ce6.jpeg','2017-09-26 00:00:00',32.8255416,-117.1543697,'(858) 576-7244',''),(221,120,'California Dreaming (GF)','Salad','Healthy','Salad','$9.50','Organic mesclun, herb roasted chicken breast, organic sprouts, avocado, grape tomatoes, organic carrots, mushrooms, tortilla strips, organic cilantro jalapeño lime dressing.','94005be8396ab7b7e2df36d0f3374615.jpeg','2017-10-03 00:00:00',32.7401595,-117.2111954,'(858) 792-2622',''),(222,121,'House Coffee','Warm Coffee','OB Beans','Coffee','$2.50','Hot Coffee','fca47133fd2f9a1acabb25afe895e12a.jpeg','2017-10-03 00:00:00',32.7453209,-117.249174,'(619) 738-8151',''),(223,94,'Baja Turkey Wrap','Turkey Wrap','The Wrap Shack','Wrap','$8.45','Oven Roasted Turkey, Ortega Chiles, Pepper Jack, Avocado, Lettuce, Tomato and House Spread','49065e5a26bba906a4dec81af08f15ba.jpeg','2017-10-04 00:00:00',32.8480895,-116.9838247,'(619) 332-8319',''),(224,94,'Balsamic Chicken Salad','Chicken Salad','The Wrap Shack','Salad','$8.45','Chicken Breast, Glazed Walnuts, Gorgonazola Crumbles, Cranberries and Mandarin Oranges','a319f9bd681b52ad6369819a224c13fa.jpeg','2017-10-04 00:00:00',32.8480895,-116.9838247,'(619) 332-8319',''),(225,94,'Black & Bleu Tri-Tip','Tri-Tip Wrap','The Wrap Shack','Wrap','$8.45','Tri-Tip, Bleu Cheese, Cheddar, Lettuce, Tomato, Horseradish Spread','89bf83cfc01e739338e1f2294940eaf9.jpeg','2017-10-04 00:00:00',32.8480895,-116.9838247,'(619) 332-8319',''),(226,94,'Build Your Own Bowl','Bowl','The Wrap Shack','Bowl','$8.45','Choose Protein: Chicken Breast, Steak, Grilled Tofu, Chicken Tenders.  Choose Starch: White Rice, Brown Rice, Quinoa, Soft Noodles. Choose Sauce: Cilantro-Jalapeno, Pesto, Sweet Orange-Chile, Teriyaki, Thai Peanut.  Veggies included: Carrots, Red Cabbage, Yellow Onions, Red Bells, Zuchinni.','cbd5a6a63e728cc2166a87dc69e668de.jpeg','2017-10-04 00:00:00',32.8480895,-116.9838247,'(619) 332-8319',''),(227,94,'Buffalo Chicken Salad','Buffalo Chicken Salad','The Wrap Shack','Salad','$8.45','Buffalo Chicken Tenders, Bleu Cheese, Avocado, Celery, Tomatoes','ef8c2fb8dc13d60888ca6784a31262c5.jpeg','2017-10-04 00:00:00',32.8480895,-116.9838247,'(619) 332-8319',''),(228,94,'The California Cobb Wrap','California Wrap','The Wrap Shack','Wrap','$8.45','Oven Roasted Turkey, Bacon, Egg, Avocado, Cucumbers, Blue Cheese, Lettuce, Tomato, Ranch Dressing','6836cbafbbbe916db07ce19dbac8fee0.jpeg','2017-10-04 00:00:00',32.8480895,-116.9838247,'(619) 332-8319',''),(229,94,'Crispy Chicken, Feta and Glazed Walnut Salad','Salad','The Wrap Shack','Salad','$8.45','Chicken Tenders, Feta, Glazed Walnuts, Mandarins and Cranberries','1b2b9f412038e915d3c774cd993f191b.jpeg','2017-10-04 00:00:00',32.8480895,-116.9838247,'(619) 332-8319',''),(230,94,'Fajitas Wrap','Fajitas Wrap','The Wrap Shack','Wrap','$8.45','Tri-Tip Steak or Chicken Breast, Bell Peppers, Sauteed Yellow Onions, Lettuce, Tomato, Cheddar Cheese, Side of Sour Cream and Side of Salsa','473a9f9268a5f864274a5aa58a46dfc5.jpeg','2017-10-04 00:00:00',32.8480895,-116.9838247,'(619) 332-8319',''),(231,39,'Queso Taco','Taco','Lucha Libre','Taco','$4.50','Grilled crispy cheese with you choice of steak, chicken or fries topped with avocado, Secret Chipotle Sauce and Queso Enchilado','411e177313d16a1e805d110915adace1.jpeg','2017-10-04 00:00:00',33.1239521,-117.1055059,'(619) 296-8226',''),(232,39,'Undefeated Seafood Taco','Seafood Taco','Lucha Libre','Taco','$4.50','Blackened Ahi or Shrimp, Jack Cheese, Pico de Gallo, Cannage and Serrano Sauce','c3f24cca0a74f418c419a2b478ba1f7a.jpeg','2017-10-04 00:00:00',33.1239521,-117.1055059,'(619) 296-8226',''),(233,122,'Cruiser Nachos','Nachos','Cruiser Taco','Mexican','$ 7.95','House chips or fries, loaded with queso, frijoles, cheese, avo, cremas and choice of protein (Carne Asada, Pollo Asado, Pork-Adobo, Portobello)','66e3d1b35e51a281e3fcbe36a2d8cb76.png','2017-10-05 00:00:00',32.755586,-117.1323806,'(619) 564-7178',''),(234,122,'San Diago','Taco','Cruiser Taco','Mexican','$ 3.95','Carne asada, papas, cheese, avo, diced onions, cilantro and crema','90f1f52c2f756510276ecdf7b01d9572.png','2017-10-05 00:00:00',32.755586,-117.1323806,'(619) 564-7178',''),(235,122,'What A Pig','Taco','Cruiser Taco','Mexican','$ 3.49','Pork-adobo, cheese, avo, diced onions, cilantro, pineapple and crema','3faf6eda36e7ff8597890d60900a0050.png','2017-10-05 00:00:00',32.755586,-117.1323806,'(619) 564-7178',''),(236,122,'Messin\' w/ Texas','Taco','Cruiser Taco','Mexican Food','$3.95','Choice of Chicken or Portobello fajitas, topped with cheese, lettuce and crema.  Vegetarian Available Vegan Available','766a5103fa03643495013b2b0f7d0226.png','2017-10-05 00:00:00',32.755586,-117.1323806,'(619) 564-7178',''),(237,122,'Ensenada','Taco','Cruiser Taco','Mexican','$ 3.49','Flash-fried beer-battered fish filet, avo, cabbage, pickled red onions and chipotle crema','ddfc73f602f31b10b59f969e71575655.png','2017-10-05 00:00:00',32.755586,-117.1323806,'(619) 564-7178',''),(238,122,'Big Chicken','Taco','Cruiser Taco','Mexican Food','$3.49','Citrus-marinated pollo asado, avo, diced onions, cilantro, lettuce and chipotle crema','74e1855b31edf9826eb7b34cfd9c9b80.png','2017-10-05 00:00:00',32.755586,-117.1323806,'(619) 564-7178',''),(239,122,'Chips / Papas n’ Queso','Chips n Queso','Cruiser Taco','Mexican','$ 5.49','House chips or fries, served with a side of roasted chile queso topped off with avo, cotija cheese, salsa roja and crema','27dd970bb37ee988fe1a7e335921729b.png','2017-10-05 00:00:00',32.755586,-117.1323806,'(619) 564-7178',''),(240,2,'#8 Breakfast Burrito','Breakfast Burrito','FoodsUp','Meixcan Food','$7.20','Bacon, Ham, Eggs, Fries, Cheese & Sour Cream','3813a5ea752bd135303c73ff29e5bcbc.jpeg','2017-10-09 00:00:00',32.7712019,-117.0695631,'(619) 583-4182',''),(241,123,'Turkado','Turkey Sandwich','FoodsUp','Sandwich','$8.50','Turkey Breast, Jack Cheese topped with Avocado, served on Sourdough Bread. Includes Mayo, Onions, Tomato & Lettuce','3ddb197b1dfb458e55258c2e79533be5.jpeg','2017-10-11 00:00:00',32.7967676,-117.2559636,'(619) 270-2739',''),(242,124,'Medium Roast Coffee','Medium Roast','Medium Roast','Coffee','$1.70','Medium Roast Coffee supplied by Hill Tribes Coffee','178d63701c09f0c005cfa898d0676dbd.jpeg','2017-10-12 00:00:00',32.8413236,-116.985885,'(619) 996-9007',''),(243,124,'Acai Bowl','Acai Bowl','Regular Size Acai Bowl','Acai','$6.00','Organic Acai Sorbet, Granola, Coconut, Honey/Agave, Strawberries, Blueberries','cd144bd0681457634bbf7d2fa02c5e3d.jpeg','2017-10-12 00:00:00',32.8413236,-116.985885,'(619) 996-9007',''),(244,124,'Acai Bowl with Peanut Butter','Acai Bowl','Acai Bowl with Peanut Butter','Bowl','$6.50','Organic Acai Sorbet, Granola, Coconut, Honey/Agave, Strawberries, Blueberries with added Peanut Butter','94a7ae53a4c03d72c53b8cd41d0c8717.jpeg','2017-10-12 00:00:00',32.8413236,-116.985885,'(619) 996-9007',''),(245,125,'Iced Americano','Iced Coffee','Iced Americano Coffee','Coffee','$2.95','Hot water topped with a double or triple espresso on ice','1a3a4e7c50a4ccafc5d1ca4bf33c2589.jpeg','2017-10-16 00:00:00',32.7983434,-117.2486263,'858-274-2899',''),(246,86,'Iced American Coffee','Iced Coffee','Iced Americano Coffee','Coffee','$2.75','Iced Espresso Shots over Ice','cca3074707a4cb8483d2146e167a5eec.jpeg','2017-10-16 00:00:00',32.7220998,-117.1672365,'(760) 230-6747',''),(247,126,'Naked California Burrito','California Burrito','Foodsup','Mexican Food','$7.50','Flour Tortilla, Carne Asada, Cilantro, Onion, Guacamole, Green Sauce','1f79e246bf92306dea04974d0dae10a6.jpeg','2017-12-28 00:00:00',33.7581107,-118.0251995,'(714) 702-5592',''),(248,70,'this','is','test','american','5.99','test','68ae3cbde4a384c84440b6fed166fda8.png','2017-12-28 00:00:00',37.6510366,-118.9852703,'(760) 934-0707',''),(249,126,'Naked California Burrito','California Burrito','Foodsup','Mexican Food','$7.50','Carne Asada, Jack Cheese, Guacamole, Cilantro, Onion, Green Sauce, Flour Tortilla','d40fee56605fcd0e15e51f913b76ba70.jpeg','2017-12-28 00:00:00',33.7581107,-118.0251995,'(714) 702-5592','');
/*!40000 ALTER TABLE `food` ENABLE KEYS */;
UNLOCK TABLES;

--
-- Table structure for table `food_note`
--

DROP TABLE IF EXISTS `food_note`;
/*!40101 SET @saved_cs_client     = @@character_set_client */;
/*!40101 SET character_set_client = utf8 */;
CREATE TABLE `food_note` (
  `id` int(11) NOT NULL AUTO_INCREMENT,
  `food_id` int(11) NOT NULL,
  `username` varchar(255) COLLATE utf8_unicode_ci NOT NULL,
  `user_avatar_filename` varchar(255) COLLATE utf8_unicode_ci NOT NULL,
  `note` longtext COLLATE utf8_unicode_ci NOT NULL,
  `created_at` datetime NOT NULL,
  PRIMARY KEY (`id`),
  KEY `IDX_7A9A52C5BA8E87C4` (`food_id`),
  CONSTRAINT `FK_7A9A52C5BA8E87C4` FOREIGN KEY (`food_id`) REFERENCES `food` (`id`)
) ENGINE=InnoDB DEFAULT CHARSET=utf8 COLLATE=utf8_unicode_ci;
/*!40101 SET character_set_client = @saved_cs_client */;

--
-- Dumping data for table `food_note`
--

LOCK TABLES `food_note` WRITE;
/*!40000 ALTER TABLE `food_note` DISABLE KEYS */;
/*!40000 ALTER TABLE `food_note` ENABLE KEYS */;
UNLOCK TABLES;

--
-- Table structure for table `genus`
--

DROP TABLE IF EXISTS `genus`;
/*!40101 SET @saved_cs_client     = @@character_set_client */;
/*!40101 SET character_set_client = utf8 */;
CREATE TABLE `genus` (
  `id` int(11) NOT NULL AUTO_INCREMENT,
  `sub_family_id` int(11) NOT NULL,
  `name` varchar(255) COLLATE utf8_unicode_ci NOT NULL,
  `species_count` int(11) NOT NULL,
  `fun_fact` varchar(255) COLLATE utf8_unicode_ci DEFAULT NULL,
  `is_published` tinyint(1) NOT NULL,
  `first_discovered_at` date NOT NULL,
  PRIMARY KEY (`id`),
  KEY `IDX_38C5106ED15310D4` (`sub_family_id`),
  CONSTRAINT `FK_38C5106ED15310D4` FOREIGN KEY (`sub_family_id`) REFERENCES `sub_family` (`id`)
) ENGINE=InnoDB AUTO_INCREMENT=11 DEFAULT CHARSET=utf8 COLLATE=utf8_unicode_ci;
/*!40101 SET character_set_client = @saved_cs_client */;

--
-- Dumping data for table `genus`
--

LOCK TABLES `genus` WRITE;
/*!40000 ALTER TABLE `genus` DISABLE KEYS */;
INSERT INTO `genus` VALUES (1,6,'Chelonia',807,'Recusandae asperiores accusamus nihil repellat vero omnis voluptates.',1,'1854-07-14'),(2,7,'Octopus',65222,'Qui recusandae totam nulla quam ipsam.',1,'1922-03-11'),(3,3,'Carcharodon',55931,'Voluptas aut laudantium sit repudiandae esse perspiciatis dignissimos.',1,'1990-04-03'),(4,10,'Eumetopias',79759,'Velit porro ut velit soluta.',1,'1955-09-30'),(5,6,'Asterias',87652,'Saepe eum sint dolorem delectus enim ipsum inventore.',1,'1951-05-22'),(6,10,'Trichechus',41179,'Suscipit a deserunt laudantium quibusdam enim nostrum.',1,'1845-09-14'),(7,4,'Balaena',21198,'Velit reiciendis aperiam et fuga.',0,'1885-08-31'),(8,8,'Octopus',69949,'Ducimus temporibus modi saepe architecto unde non dicta.',0,'1876-01-02'),(9,2,'Octopus',71605,'Magni cupiditate sit vitae voluptas.',0,'1859-08-10'),(10,10,'Carcharodon',26628,'Quos qui illo error nihil laborum vero.',0,'1935-02-22');
/*!40000 ALTER TABLE `genus` ENABLE KEYS */;
UNLOCK TABLES;

--
-- Table structure for table `genus_note`
--

DROP TABLE IF EXISTS `genus_note`;
/*!40101 SET @saved_cs_client     = @@character_set_client */;
/*!40101 SET character_set_client = utf8 */;
CREATE TABLE `genus_note` (
  `id` int(11) NOT NULL AUTO_INCREMENT,
  `genus_id` int(11) NOT NULL,
  `username` varchar(255) COLLATE utf8_unicode_ci NOT NULL,
  `user_avatar_filename` varchar(255) COLLATE utf8_unicode_ci NOT NULL,
  `note` longtext COLLATE utf8_unicode_ci NOT NULL,
  `created_at` datetime NOT NULL,
  PRIMARY KEY (`id`),
  KEY `IDX_6478FCEC85C4074C` (`genus_id`),
  CONSTRAINT `FK_6478FCEC85C4074C` FOREIGN KEY (`genus_id`) REFERENCES `genus` (`id`)
) ENGINE=InnoDB AUTO_INCREMENT=101 DEFAULT CHARSET=utf8 COLLATE=utf8_unicode_ci;
/*!40101 SET character_set_client = @saved_cs_client */;

--
-- Dumping data for table `genus_note`
--

LOCK TABLES `genus_note` WRITE;
/*!40000 ALTER TABLE `genus_note` DISABLE KEYS */;
INSERT INTO `genus_note` VALUES (1,10,'Dee89','ryan.jpeg','Eligendi quos culpa ut ab voluptas sed a nam. Sint autem inventore aut officia aut aut blanditiis. Ducimus eos odit amet et est ut eum.','2016-12-14 23:52:55'),(2,2,'Karley24','ryan.jpeg','Aut nemo fuga est placeat rerum ut et. Ex eveniet facere sunt quia. Aut nam et eum architecto fugit repellendus illo veritatis. Ex esse veritatis voluptate vel possimus.','2017-02-28 23:41:32'),(3,10,'Marvin.Zelma','leanna.jpeg','Cum culpa rem aut rerum. Est rem dicta voluptas fuga. Reiciendis qui architecto fugiat nemo omnis.','2016-10-14 09:36:34'),(4,5,'dLedner','ryan.jpeg','Optio provident non incidunt magnam molestias et quibusdam. Ab quo voluptatum quia ipsum voluptatibus est accusantium eveniet.','2017-04-08 15:04:49'),(5,3,'dBrakus','leanna.jpeg','Ducimus aperiam nesciunt est quia. Minima sunt qui similique ut culpa natus consequatur. Sit et nihil ut porro amet laborum iure molestiae.','2017-03-19 07:12:29'),(6,8,'Junius.Mayer','leanna.jpeg','Sequi quia quasi quae sint saepe numquam tempora et. Aperiam natus ut doloribus magni quasi impedit aperiam. Similique ad sed architecto quod nulla. Voluptas quibusdam inventore esse harum accusantium rerum nulla.','2016-11-29 22:13:16'),(7,2,'Damion37','ryan.jpeg','Nesciunt omnis sit nisi recusandae. Molestias sit id labore. Ut voluptatem laudantium perferendis eveniet quam vero. Corrupti omnis temporibus maxime sint suscipit laudantium.','2017-02-24 16:44:51'),(8,1,'qRunolfsdottir','leanna.jpeg','Non explicabo et neque itaque ex quaerat ut aut. Consequatur non rerum in cupiditate voluptas molestiae fuga. Cum non qui quaerat cupiditate incidunt id sunt.','2016-11-12 05:45:04'),(9,9,'Hector.Russel','leanna.jpeg','Ab in hic molestiae odio sed vitae maiores. Beatae reprehenderit exercitationem corrupti dolorem reprehenderit. Ducimus omnis molestiae consequatur sint consequatur est qui doloremque.','2016-10-19 11:28:19'),(10,5,'Angeline13','leanna.jpeg','Voluptatibus perspiciatis quae sapiente quia suscipit doloribus cupiditate dolorem. Libero quas magni rerum consequatur laudantium nisi quo. Rerum esse eveniet debitis omnis voluptatem voluptatem et eaque. Et praesentium est velit molestiae porro.','2016-11-05 03:55:24'),(11,10,'rMiller','ryan.jpeg','Eius similique dolore consequatur et ipsam. Saepe dolor in perspiciatis sit consectetur temporibus voluptate.','2017-02-01 12:36:34'),(12,7,'pWolff','ryan.jpeg','Dicta molestiae asperiores consequuntur sit repellendus. Aliquam doloremque et reprehenderit nesciunt eum non. Esse et ut quis corporis voluptate ullam. Non ratione eaque possimus quia optio explicabo et.','2017-04-12 21:17:24'),(13,2,'Jayne55','ryan.jpeg','Velit voluptatibus in laudantium voluptatem. Vel dignissimos et dolorem doloremque quam quia voluptatem. Ad in maiores nisi eius quibusdam sapiente quia.','2017-04-01 06:46:45'),(14,2,'Hayes.Destiney','ryan.jpeg','At ut non eos sed amet. Vitae enim sapiente occaecati natus assumenda reiciendis. Et laudantium vel nisi ea itaque est. Nihil beatae omnis voluptatibus quae sit veniam.','2017-03-09 21:27:22'),(15,3,'rWalker','leanna.jpeg','Neque deleniti totam aut nisi. Omnis voluptatem velit nesciunt eligendi eos sint. Voluptates quo incidunt omnis aut enim nihil.','2017-04-12 11:48:34'),(16,4,'Jamar69','ryan.jpeg','Autem nihil esse repudiandae pariatur. Assumenda error consequatur fugit ad iste.','2017-02-23 15:09:33'),(17,9,'Rubye68','leanna.jpeg','Doloremque fuga labore qui et. Hic minus et omnis porro voluptatibus enim. Reprehenderit magni fugiat consequatur officiis velit.','2016-10-13 07:40:59'),(18,3,'Angus65','leanna.jpeg','Nulla totam eos omnis inventore perferendis voluptatem nisi. Consequatur ullam voluptas et tempora. Corporis excepturi sint dolores quaerat odit quia nisi accusantium.','2017-01-23 10:28:10'),(19,1,'hBoyer','ryan.jpeg','Sapiente ut qui quidem explicabo optio amet velit aut. Iure sed alias asperiores perspiciatis deserunt omnis inventore mollitia. Id in id porro molestiae in maxime.','2017-03-29 02:53:24'),(20,3,'Muhammad13','leanna.jpeg','Odio modi consequatur dicta ipsa temporibus sit facere. Doloremque odio ad asperiores quaerat eius accusamus. Dolorem earum ut consequatur facilis molestias quo.','2017-01-21 06:44:12'),(21,1,'Wintheiser.Clementine','leanna.jpeg','Quia et et dolorum quos aliquam. Accusantium quidem ut eius a corrupti totam placeat delectus. Earum officiis sed autem ut voluptatem. Quod alias iste similique aut tempore pariatur et.','2017-02-12 03:10:47'),(22,6,'Leuschke.Allen','ryan.jpeg','Beatae neque eum est molestiae. Laboriosam dolor odit omnis.','2016-12-20 22:00:28'),(23,10,'Jennings08','leanna.jpeg','Nesciunt fugit ea accusantium temporibus qui ad est et. Cum eius voluptas numquam quam occaecati culpa. In laudantium omnis et. Laborum cupiditate corporis aliquid aut cumque consequuntur non qui.','2017-02-15 08:56:54'),(24,6,'Freida.Rempel','ryan.jpeg','Et necessitatibus tenetur doloremque iusto quibusdam fuga. Voluptas iure rerum voluptas. Eius commodi odio ut aliquid et sit enim.','2017-01-13 19:23:30'),(25,8,'Terrell72','leanna.jpeg','Officiis eos suscipit facilis vel. Modi quia recusandae qui eligendi quo voluptas totam. Ab tenetur voluptatem repudiandae reiciendis cum accusamus ut et. Iste accusantium quaerat nostrum voluptas est tenetur.','2017-01-18 11:49:38'),(26,9,'gConn','ryan.jpeg','Nihil aliquid eos fugit. Quaerat quibusdam alias omnis accusamus aut dolores. Itaque doloribus qui dicta eligendi quae recusandae. Quo beatae deleniti quia molestiae alias quo quis.','2016-10-23 22:55:50'),(27,9,'Kayley.Turner','leanna.jpeg','Placeat reprehenderit nesciunt architecto quas. Similique consequatur nisi fuga dolores aut. Illo illum sint voluptas a aperiam. Aut qui neque minus eos fugit nostrum non.','2017-01-12 04:05:14'),(28,6,'Bruen.Kari','leanna.jpeg','Nam nesciunt non dolore quis et eius et. Omnis eaque pariatur non ea vel omnis. Explicabo inventore quam suscipit qui accusamus eveniet dolorem voluptatem.','2017-02-08 00:07:48'),(29,1,'iWiza','leanna.jpeg','Voluptatem eveniet consequatur sit impedit sint nam perferendis sit. Magnam ut nemo possimus qui totam iste. Harum animi et ad rerum perferendis fugiat. Facere quisquam et quod velit velit ut rem repellendus.','2016-11-30 22:54:56'),(30,7,'Shawn.Stracke','ryan.jpeg','Est in reprehenderit reiciendis accusamus. Quia et mollitia deleniti qui nostrum doloremque. Aut molestiae sapiente est consequatur. Tempore similique ut debitis consequatur.','2017-02-27 03:18:30'),(31,1,'Bernier.Marilie','ryan.jpeg','Perspiciatis quia quasi sit dolore ad. Est impedit itaque cumque officiis ut quis. Consequatur asperiores voluptatem magnam nostrum ea corrupti voluptatem. Cupiditate rerum ratione rerum repellendus ducimus.','2017-03-15 16:07:50'),(32,4,'Baumbach.Zechariah','leanna.jpeg','Doloremque esse dolor qui illo placeat harum voluptatem. Enim tempora voluptas ut dolorem voluptates deserunt provident. Ipsam fugiat est ipsam quia reprehenderit sint. Sed facere qui sit delectus ad iusto. Iusto autem laboriosam nulla earum eius repellat.','2017-01-26 17:57:47'),(33,4,'Ahmed42','leanna.jpeg','Nobis hic rerum delectus dolorum voluptas cupiditate aut consequatur. Ullam qui ea voluptatem aut cum vitae nostrum. Maiores non omnis aut quos ut ad est quidem. Rerum voluptates laboriosam ea porro blanditiis.','2016-11-06 23:42:35'),(34,6,'nWolf','leanna.jpeg','Et et fuga recusandae voluptatem veniam enim quae voluptas. Dolore explicabo nisi a aut architecto et aut. Nam cum tempore doloremque. Aut qui perferendis praesentium cupiditate iste.','2017-04-12 23:42:55'),(35,5,'iTerry','leanna.jpeg','Nihil voluptatem magnam odio impedit. Omnis consequatur ut repellendus officiis nihil reprehenderit non ut.','2017-01-07 02:58:29'),(36,2,'Emilio.Lesch','leanna.jpeg','Quod cupiditate culpa nisi eos cupiditate quibusdam eveniet. Provident quas omnis voluptatem quia soluta recusandae id. Aut voluptates est deleniti et accusantium nesciunt voluptas.','2017-03-19 18:15:22'),(37,3,'Heather32','leanna.jpeg','Eos fugiat voluptas voluptatem consequuntur nostrum culpa. Quod voluptatem quae dignissimos sunt atque aut. Possimus accusamus sint hic ut atque expedita.','2016-11-08 20:35:33'),(38,7,'zTurcotte','ryan.jpeg','Animi culpa velit dignissimos molestias. A cumque ut et rerum dolore consectetur et beatae. Nulla quisquam labore saepe perspiciatis doloremque. Unde optio accusamus magnam non ratione enim velit.','2016-12-06 14:51:12'),(39,3,'pWindler','leanna.jpeg','Qui in et quasi incidunt. Ex accusamus aut itaque nesciunt sit quidem fugit sapiente. Eveniet dolore inventore consectetur sed repellat. Vitae iure voluptatibus dolorem totam laboriosam.','2016-11-15 04:53:37'),(40,1,'Von.Sherwood','ryan.jpeg','Ducimus odio fuga vitae expedita. Vero animi fugiat corporis. Et officia et necessitatibus quasi.','2017-01-03 01:26:04'),(41,6,'Tyson.Feeney','ryan.jpeg','Sunt aliquam mollitia id repudiandae. Doloremque placeat ut esse. Aut ratione cumque commodi. Cum ratione animi maxime enim est.','2016-12-28 20:20:11'),(42,3,'zWilkinson','ryan.jpeg','Optio odio aspernatur qui dolor blanditiis suscipit. Veniam neque omnis dolor qui.','2016-12-29 16:34:20'),(43,9,'Reichert.Addison','leanna.jpeg','Tenetur vel quasi corporis rerum quo ut accusantium. Quibusdam quia aut culpa dolores consectetur quod doloremque. Aut cupiditate aperiam occaecati adipisci veritatis vel voluptas. Cumque sed modi odit.','2017-01-14 07:52:02'),(44,6,'pBayer','ryan.jpeg','Odio et id consequatur accusantium quia porro. Voluptates dignissimos est officiis est repudiandae est atque. Inventore sed ipsum omnis maiores esse.','2017-02-14 19:03:56'),(45,2,'Bahringer.Eleazar','leanna.jpeg','Voluptatem harum sed quia et. Neque voluptas est totam provident sunt. Est tempora qui minus officia.','2016-12-04 03:33:01'),(46,5,'bWaters','leanna.jpeg','Laborum dolor quasi totam qui ipsam iusto enim. Molestias amet aut qui. Et fuga velit iure consequuntur qui provident et. Veniam et adipisci libero qui qui maiores est.','2017-01-02 17:51:44'),(47,5,'Mariela.Funk','ryan.jpeg','Et sit enim omnis. Inventore consequatur mollitia ducimus veritatis doloribus. Labore quos saepe quia quia.','2017-01-21 05:21:09'),(48,6,'Spencer13','leanna.jpeg','Sunt est possimus voluptas blanditiis et. Aut culpa reiciendis dolorum eaque accusantium exercitationem animi.','2017-03-11 09:09:07'),(49,10,'Ondricka.Philip','leanna.jpeg','Dolorem impedit et cumque. Qui ut non perspiciatis voluptatem voluptatem eligendi provident sed. Magni qui sint quos aut quibusdam labore. Quod est qui dolor reprehenderit.','2016-10-13 20:34:26'),(50,8,'Angelina13','ryan.jpeg','Voluptas rerum quia et harum dolor quaerat. Et repellat rerum voluptas dolore explicabo vero. Fugit officiis explicabo ipsa libero sit ducimus minima. Suscipit id tempore voluptatibus recusandae et deleniti tenetur. Illo sunt possimus esse et porro consequatur totam et.','2016-11-26 07:08:54'),(51,5,'Wolff.Mekhi','leanna.jpeg','Repudiandae temporibus blanditiis sit maiores quo. Qui pariatur cumque hic sunt harum alias omnis. Asperiores aliquid ducimus fuga temporibus consequuntur omnis sit.','2017-03-24 18:16:37'),(52,1,'Dickens.Tremaine','ryan.jpeg','Repellat asperiores vitae neque optio quod et consectetur. Expedita ratione vitae qui sed ut repudiandae. Sit asperiores eum et nisi cumque et quod.','2017-04-04 06:09:40'),(53,4,'tCruickshank','leanna.jpeg','Rerum officia et neque pariatur vel. Et laborum veniam dolores dolorum ad. Et fugit eius facilis dolor fugiat dicta.','2017-03-25 16:44:15'),(54,2,'Stephen88','leanna.jpeg','Omnis distinctio eum sit hic voluptatum quis. Et aliquam qui vel debitis qui ipsum perferendis. Dolorum excepturi deleniti voluptatem iure et atque aut.','2016-11-05 05:28:18'),(55,2,'Paris.Towne','ryan.jpeg','Non quos quia repellat expedita laudantium ducimus qui odit. Sed illo minima sit. Necessitatibus accusamus sed iure voluptatum excepturi sit.','2017-01-10 11:38:09'),(56,4,'Kerluke.August','leanna.jpeg','Eveniet est voluptatem culpa dolores. Sunt occaecati est nihil vel aut. Libero quis sit qui officia nihil.','2017-02-06 07:23:40'),(57,2,'Ernser.Bianka','leanna.jpeg','A minus quos laudantium porro quibusdam. Suscipit quo consequatur ipsa repellendus. Quam culpa fugit molestiae consectetur aut esse libero.','2017-03-25 18:59:19'),(58,9,'Keeling.Ardella','ryan.jpeg','Eum nobis et et et fuga fugit. Cum esse laborum sequi. Debitis tempora aperiam nam.','2016-12-07 22:57:06'),(59,1,'oMann','ryan.jpeg','Facilis sit ea quia velit. Laudantium ea et sit enim. Sunt odio aperiam tenetur rerum aut tempore.','2016-11-12 17:42:42'),(60,3,'Alaina63','ryan.jpeg','Consequatur deleniti id sed veniam aut velit perferendis. Nemo nesciunt ullam fugiat maiores omnis quo. Quod voluptas quibusdam exercitationem ab. Culpa rem sunt perferendis repellendus sapiente accusamus.','2017-03-04 08:16:33'),(61,3,'Kiehn.Maggie','ryan.jpeg','Cumque optio qui ab quaerat consequuntur. Eaque maiores optio voluptatibus et non ab.','2017-03-23 20:21:16'),(62,8,'Maggie.McClure','leanna.jpeg','Veniam eaque et recusandae iste qui tenetur aut. Molestias sed dicta molestiae illo possimus qui. Velit dolorem facere officiis nostrum dolore nulla. Ea quo fugiat unde alias sunt rerum fuga.','2016-10-25 15:22:07'),(63,7,'Isabelle.Roberts','leanna.jpeg','Id reprehenderit voluptas maiores consequatur. Impedit ducimus aut voluptatum quia voluptatem est. Ea reprehenderit inventore quibusdam in eum et fuga.','2016-11-29 23:40:22'),(64,7,'Ignacio18','ryan.jpeg','Magnam aut sed architecto officiis. Omnis velit ratione quia minus sint. Voluptatem sequi debitis sed ratione dolorem. Inventore repellendus voluptatum sit unde.','2017-03-29 14:11:25'),(65,7,'Else.Rippin','leanna.jpeg','Sequi architecto quia veniam accusantium maiores commodi qui id. Earum voluptate explicabo excepturi molestias occaecati quo culpa. Et consequatur exercitationem in corporis qui dolor.','2016-11-15 08:13:31'),(66,6,'Brooklyn41','leanna.jpeg','Quae consequatur nihil est sit beatae quo. Aut laborum perspiciatis quos.','2016-10-23 01:23:55'),(67,4,'Jarod.Leffler','ryan.jpeg','Beatae repellendus doloremque omnis ut aut et eius et. Rerum ab et culpa voluptatem. Qui animi pariatur rerum. Corrupti id alias et qui.','2017-02-26 04:38:13'),(68,3,'Koepp.Linnea','ryan.jpeg','Iusto quae consequatur excepturi quia excepturi. Culpa dolorum similique a nihil. Veniam qui qui aspernatur.','2017-01-19 10:29:25'),(69,7,'Erdman.Mireya','leanna.jpeg','Eligendi minus aut ea. At blanditiis architecto magni deserunt ad cupiditate soluta. Impedit vel accusamus rerum.','2016-12-21 07:07:58'),(70,6,'Alfred08','ryan.jpeg','Dolores ut natus et ratione voluptate. Architecto iure placeat fugiat itaque et sit est. Omnis recusandae dicta vel qui unde et. Omnis assumenda dolor enim exercitationem. Culpa voluptatibus harum id cupiditate asperiores assumenda.','2017-03-30 19:08:55'),(71,8,'Stewart57','leanna.jpeg','Magni qui qui officia. Sint quia quibusdam est ratione. Et consequatur suscipit saepe quia. Nesciunt nobis aperiam facere non iure nihil quia.','2017-02-14 05:46:23'),(72,5,'vMraz','ryan.jpeg','Nihil possimus aut sit voluptas consequatur rerum sunt porro. Est excepturi alias ex consequatur qui eaque ut necessitatibus.','2017-03-23 23:52:30'),(73,10,'Anastasia43','leanna.jpeg','Ut ut officia reiciendis. Voluptatem nulla molestias et minus hic. Aperiam voluptas corporis fugiat distinctio occaecati omnis illum. Odit ducimus culpa quae dolores.','2017-01-03 20:54:17'),(74,6,'Gerhard.Bode','ryan.jpeg','Quam aperiam blanditiis omnis corrupti hic aut qui. Minima unde enim molestiae autem id. Quo aliquid nam ex asperiores neque ea. Ut ut facilis qui sed sint. Voluptatem nostrum illum praesentium exercitationem.','2016-11-21 12:16:58'),(75,2,'dArmstrong','ryan.jpeg','Nesciunt exercitationem animi libero sit. Id aliquam reprehenderit a tempora ipsam error vel.','2017-01-05 10:50:44'),(76,7,'lWill','ryan.jpeg','Dolore unde nihil ducimus rerum est similique et. Distinctio minima fugit corrupti. Accusantium excepturi soluta temporibus. Ad eum cupiditate in quaerat et enim temporibus.','2017-03-14 08:42:02'),(77,2,'ePrice','ryan.jpeg','Eum natus officia laudantium recusandae aliquam deleniti rerum qui. Enim et explicabo possimus. Voluptatibus ipsum officia fugit iste. Et beatae totam repellendus.','2017-01-17 15:45:46'),(78,7,'Schaden.Velda','leanna.jpeg','Qui accusamus et odio explicabo quam accusamus. Sint quia fuga autem impedit perspiciatis. Illo odit id quasi illo omnis quidem. Reprehenderit commodi aut voluptas corrupti placeat odio at. Voluptatem et et ea ad.','2017-02-05 08:51:56'),(79,1,'Graham.Trinity','ryan.jpeg','Consequatur nulla explicabo commodi praesentium voluptatem. Non optio consequatur occaecati delectus ut amet ipsam magni. Nobis dolorem iusto odio alias. Voluptatum non ea architecto nisi nulla.','2016-11-16 21:42:36'),(80,8,'Willy.Brakus','leanna.jpeg','Omnis blanditiis consectetur itaque consequuntur cupiditate praesentium itaque. Reiciendis quo sapiente est adipisci quaerat voluptas. Quia molestiae magnam ea.','2016-11-18 14:43:32'),(81,10,'Kaylin.Halvorson','ryan.jpeg','Molestiae ipsam consequatur quaerat minima id. Veritatis aspernatur neque et quia saepe. Inventore laborum aut commodi et voluptates inventore dolor assumenda. Minus vitae odit magnam omnis.','2016-10-17 19:50:16'),(82,10,'bLockman','ryan.jpeg','Ad omnis explicabo expedita sed et quis aut facilis. Eum et id perferendis asperiores et reprehenderit rem dolorum. Sed nisi aut accusamus aut.','2016-11-09 00:01:55'),(83,2,'tHerman','ryan.jpeg','Dolorem dolor perspiciatis sit nostrum eum omnis. Doloremque beatae iure necessitatibus qui. Quasi rerum veritatis veritatis nam et quam. Voluptatem qui ut itaque iusto consequuntur.','2017-04-06 14:41:47'),(84,5,'jLebsack','ryan.jpeg','Facere sunt dolor omnis. Et fugiat animi veniam ad animi. Impedit voluptatum qui iure laboriosam laborum.','2017-04-11 06:59:31'),(85,4,'Hartmann.Raphaelle','leanna.jpeg','Alias itaque esse sint nisi sed. Veritatis laudantium aliquid incidunt placeat et ut dolores omnis. Accusamus iusto et quis voluptate recusandae vel. Aliquam dolor quasi eum et nihil.','2016-11-25 01:33:04'),(86,3,'Cade.Schamberger','leanna.jpeg','Officia sapiente nesciunt atque. Eius totam esse velit voluptas temporibus. Magnam repudiandae voluptas ut maxime qui fugiat.','2017-01-28 04:55:25'),(87,3,'mJohnston','leanna.jpeg','Non aut aut totam molestiae. Fugiat doloremque ab unde a cumque culpa voluptatum. Facere totam similique voluptatum mollitia ab quo. Rerum accusantium laborum veniam iure doloremque possimus.','2017-02-17 20:40:58'),(88,2,'Zack51','leanna.jpeg','Molestiae aliquam aut voluptate velit et et reprehenderit officia. In et aut hic tempore maxime nemo rerum. Dolores molestias earum quos blanditiis eos ipsam. Non ut ex in nihil quidem est.','2017-03-12 21:15:49'),(89,3,'Denesik.Audreanne','leanna.jpeg','Magni ea nemo sed voluptatibus in laborum. Ratione natus perferendis fuga animi nulla possimus et. Ratione est eveniet perspiciatis et et sed. Maiores et dignissimos similique mollitia.','2017-03-31 00:53:58'),(90,10,'Michale.Hilpert','leanna.jpeg','Esse ullam cupiditate ut. Deserunt doloremque magnam et impedit quo. Vel deserunt eius architecto commodi eum at. Facilis inventore vero animi unde doloribus. Qui dolor vel consectetur debitis a animi.','2017-02-12 06:22:17'),(91,1,'qGreenholt','leanna.jpeg','Ut cumque laborum quod ut ducimus suscipit. Nostrum veritatis saepe ex voluptas. Neque sit numquam vel est.','2016-10-29 18:01:46'),(92,10,'nLedner','ryan.jpeg','Voluptatem vel rem quaerat sunt magni aut. Vel deleniti molestias velit. Enim rerum sequi vel et nemo. Et eos vero hic quia ut adipisci.','2017-02-06 22:50:36'),(93,5,'Noe83','leanna.jpeg','Suscipit voluptatem laboriosam deserunt nobis doloribus enim. Dolores qui asperiores voluptates. Delectus sapiente quo est rerum nihil sint. Ipsa id ullam ullam accusantium eveniet debitis voluptatem. Sed totam aut impedit facere rerum provident aut aut.','2017-01-28 13:42:03'),(94,1,'Rigoberto.Dibbert','ryan.jpeg','Eius et reprehenderit aliquam excepturi id et. Voluptate molestiae ut qui. Ex vel quod dolorem perspiciatis eos quis asperiores. Qui eaque natus qui voluptas.','2016-10-28 12:47:51'),(95,8,'Edward.White','leanna.jpeg','Quas illum cum aut. Dolore doloremque unde fuga nostrum omnis dolorem.','2016-10-28 14:11:47'),(96,3,'Claude92','leanna.jpeg','Cupiditate qui dolore nobis in autem. Adipisci deserunt perspiciatis ut vel. Voluptatem consequuntur voluptatem molestias possimus magnam earum non. Voluptas et et omnis est.','2017-01-30 07:50:32'),(97,8,'Glenna33','leanna.jpeg','Architecto corrupti itaque ipsa tenetur. Autem consequatur consequatur perspiciatis animi.','2016-10-22 02:31:05'),(98,6,'lPfeffer','leanna.jpeg','Maxime explicabo assumenda sit repellat. Nam in pariatur vero fuga consequatur praesentium consequatur nihil. Possimus id voluptas similique.','2017-02-17 10:10:37'),(99,9,'bPagac','leanna.jpeg','Ut omnis nisi dolorem ut repellat delectus magnam. Molestiae et a accusantium tempora consequuntur est ut commodi. Doloribus fugiat repellat harum assumenda. Illo voluptatem nobis fugit inventore sed at.','2017-03-18 03:49:26'),(100,3,'xKiehn','leanna.jpeg','Ullam ullam dolor debitis quo saepe. Possimus est labore et totam adipisci et odit.','2016-12-30 00:59:19');
/*!40000 ALTER TABLE `genus_note` ENABLE KEYS */;
UNLOCK TABLES;

--
-- Table structure for table `migration_versions`
--

DROP TABLE IF EXISTS `migration_versions`;
/*!40101 SET @saved_cs_client     = @@character_set_client */;
/*!40101 SET character_set_client = utf8 */;
CREATE TABLE `migration_versions` (
  `version` varchar(255) COLLATE utf8_unicode_ci NOT NULL,
  PRIMARY KEY (`version`)
) ENGINE=InnoDB DEFAULT CHARSET=utf8 COLLATE=utf8_unicode_ci;
/*!40101 SET character_set_client = @saved_cs_client */;

--
-- Dumping data for table `migration_versions`
--

LOCK TABLES `migration_versions` WRITE;
/*!40000 ALTER TABLE `migration_versions` DISABLE KEYS */;
INSERT INTO `migration_versions` VALUES ('20170111064611'),('20170113070327'),('20170616202400'),('20180104035618'),('20180104035646'),('20180104043504');
/*!40000 ALTER TABLE `migration_versions` ENABLE KEYS */;
UNLOCK TABLES;

--
-- Table structure for table `sub_family`
--

DROP TABLE IF EXISTS `sub_family`;
/*!40101 SET @saved_cs_client     = @@character_set_client */;
/*!40101 SET character_set_client = utf8 */;
CREATE TABLE `sub_family` (
  `id` int(11) NOT NULL AUTO_INCREMENT,
  `name` varchar(255) COLLATE utf8_unicode_ci NOT NULL,
  PRIMARY KEY (`id`)
) ENGINE=InnoDB AUTO_INCREMENT=11 DEFAULT CHARSET=utf8 COLLATE=utf8_unicode_ci;
/*!40101 SET character_set_client = @saved_cs_client */;

--
-- Dumping data for table `sub_family`
--

LOCK TABLES `sub_family` WRITE;
/*!40000 ALTER TABLE `sub_family` DISABLE KEYS */;
INSERT INTO `sub_family` VALUES (1,'Adams'),(2,'Nienow'),(3,'Johns'),(4,'Kihn'),(5,'Dietrich'),(6,'West'),(7,'Block'),(8,'Hauck'),(9,'Roob'),(10,'Turner');
/*!40000 ALTER TABLE `sub_family` ENABLE KEYS */;
UNLOCK TABLES;

--
-- Table structure for table `user`
--

DROP TABLE IF EXISTS `user`;
/*!40101 SET @saved_cs_client     = @@character_set_client */;
/*!40101 SET character_set_client = utf8 */;
CREATE TABLE `user` (
  `id` int(11) NOT NULL AUTO_INCREMENT,
  `email` varchar(255) COLLATE utf8_unicode_ci NOT NULL,
  `password` varchar(255) COLLATE utf8_unicode_ci NOT NULL,
  `roles` longtext COLLATE utf8_unicode_ci NOT NULL COMMENT '(DC2Type:json_array)',
  PRIMARY KEY (`id`),
  UNIQUE KEY `UNIQ_8D93D649E7927C74` (`email`)
) ENGINE=InnoDB AUTO_INCREMENT=21 DEFAULT CHARSET=utf8 COLLATE=utf8_unicode_ci;
/*!40101 SET character_set_client = @saved_cs_client */;

--
-- Dumping data for table `user`
--

LOCK TABLES `user` WRITE;
/*!40000 ALTER TABLE `user` DISABLE KEYS */;
INSERT INTO `user` VALUES (11,'weaverryan+1@gmail.com','$2y$13$c4gI91EMkYOoCGa13xnSAefDLU4Kce3uRFmwL782LVxMJl6wzv5lu','[\"ROLE_ADMIN\"]'),(12,'weaverryan+2@gmail.com','$2y$13$BRERapIaNfBfW60TatF2L..uzIjfK3s8wVIth3idn9b3OxVSrykTS','[\"ROLE_ADMIN\"]'),(13,'weaverryan+3@gmail.com','$2y$13$76H19FxnkkIGuWbX9/YHAOxgCnZ.RU92rMSZh48pT226/V4CL8wv.','[\"ROLE_ADMIN\"]'),(14,'weaverryan+4@gmail.com','$2y$13$PQuewGQGZbJVmiODvh3xoe4K3BUljq/y8yv7bRBTa.KtKNt/N9I0u','[\"ROLE_ADMIN\"]'),(15,'weaverryan+5@gmail.com','$2y$13$HmB/L7QWDRkC7qZQFL5VNuoA5oDwjuuqRJzyC8vRyqxLnN6dSza0C','[\"ROLE_ADMIN\"]'),(16,'weaverryan+6@gmail.com','$2y$13$kTLUUHc0L6tNC8EfZ8nwoefRwAN0pdTw9tucMlm7L9HYqWUDj2x26','[\"ROLE_ADMIN\"]'),(17,'weaverryan+7@gmail.com','$2y$13$VJ9vQ12Q0h5ig245T7lCGuqW7aGQh/SlUoWGUP83DjuMzVJGxp0Hq','[\"ROLE_ADMIN\"]'),(18,'weaverryan+8@gmail.com','$2y$13$CyEoIhj3xs27YFHDS9ZXqeZ6fWqBunEBAWboo/WwWT1oK5sU066J2','[\"ROLE_ADMIN\"]'),(19,'weaverryan+9@gmail.com','$2y$13$822hlCTIAV/vmpj9hFmh9.vEUtIrU0c.3hz3jv7IyieagF4RaXI/C','[\"ROLE_ADMIN\"]'),(20,'weaverryan+10@gmail.com','$2y$13$U9DRWfK1VoULim55HkwKOub0VY3GIGLC5r97mzXZwW4N0c0d.8NyW','[\"ROLE_ADMIN\"]');
/*!40000 ALTER TABLE `user` ENABLE KEYS */;
UNLOCK TABLES;
/*!40103 SET TIME_ZONE=@OLD_TIME_ZONE */;

/*!40101 SET SQL_MODE=@OLD_SQL_MODE */;
/*!40014 SET FOREIGN_KEY_CHECKS=@OLD_FOREIGN_KEY_CHECKS */;
/*!40014 SET UNIQUE_CHECKS=@OLD_UNIQUE_CHECKS */;
/*!40101 SET CHARACTER_SET_CLIENT=@OLD_CHARACTER_SET_CLIENT */;
/*!40101 SET CHARACTER_SET_RESULTS=@OLD_CHARACTER_SET_RESULTS */;
/*!40101 SET COLLATION_CONNECTION=@OLD_COLLATION_CONNECTION */;
/*!40111 SET SQL_NOTES=@OLD_SQL_NOTES */;

-- Dump completed on 2018-01-08  0:00:27
